-- MySQL dump 10.13  Distrib 8.0.36, for Win64 (x86_64)
--
-- Host: localhost    Database: flight_booking
-- ------------------------------------------------------
-- Server version	8.0.37

/*!40101 SET @OLD_CHARACTER_SET_CLIENT=@@CHARACTER_SET_CLIENT */;
/*!40101 SET @OLD_CHARACTER_SET_RESULTS=@@CHARACTER_SET_RESULTS */;
/*!40101 SET @OLD_COLLATION_CONNECTION=@@COLLATION_CONNECTION */;
/*!50503 SET NAMES utf8 */;
/*!40103 SET @OLD_TIME_ZONE=@@TIME_ZONE */;
/*!40103 SET TIME_ZONE='+00:00' */;
/*!40014 SET @OLD_UNIQUE_CHECKS=@@UNIQUE_CHECKS, UNIQUE_CHECKS=0 */;
/*!40014 SET @OLD_FOREIGN_KEY_CHECKS=@@FOREIGN_KEY_CHECKS, FOREIGN_KEY_CHECKS=0 */;
/*!40101 SET @OLD_SQL_MODE=@@SQL_MODE, SQL_MODE='NO_AUTO_VALUE_ON_ZERO' */;
/*!40111 SET @OLD_SQL_NOTES=@@SQL_NOTES, SQL_NOTES=0 */;

--
-- Table structure for table `airports`
--

DROP TABLE IF EXISTS `airports`;
/*!40101 SET @saved_cs_client     = @@character_set_client */;
/*!50503 SET character_set_client = utf8mb4 */;
CREATE TABLE `airports` (
  `airport_id` int NOT NULL AUTO_INCREMENT,
  `airport_code` varchar(5) NOT NULL,
  `airport_name` varchar(100) NOT NULL,
  `city` varchar(50) NOT NULL,
  `country` varchar(50) NOT NULL,
  PRIMARY KEY (`airport_id`),
  UNIQUE KEY `UK4ekl2417ug6m1bm05a33a6r9i` (`airport_code`)
) ENGINE=InnoDB AUTO_INCREMENT=12 DEFAULT CHARSET=utf8mb4 COLLATE=utf8mb4_0900_ai_ci;
/*!40101 SET character_set_client = @saved_cs_client */;

--
-- Dumping data for table `airports`
--

LOCK TABLES `airports` WRITE;
/*!40000 ALTER TABLE `airports` DISABLE KEYS */;
INSERT INTO `airports` VALUES (1,'HAN','Nội Bài','Hà Nội','Việt Nam'),(2,'SGN','Tân Sơn Nhất','Hồ Chí Minh','Việt Nam'),(3,'DAD','Đà Nẵng','Đà Nẵng','Việt Nam'),(4,'CXR','Cam Ranh','Nha Trang','Việt Nam'),(5,'VCA','Trà Nóc','Cần Thơ','Việt Nam'),(6,'HPH','Cát Bi','Hải Phòng','Việt Nam'),(7,'VII','Vinh','Vinh','Việt Nam'),(8,'PQC','Phú Quốc','Phú Quốc','Việt Nam'),(9,'UIH','Phù Cát','Quy Nhơn','Việt Nam'),(10,'VDH','Đồng Hới','Đồng Hới','Việt Nam');
/*!40000 ALTER TABLE `airports` ENABLE KEYS */;
UNLOCK TABLES;

--
-- Table structure for table `bookings`
--

DROP TABLE IF EXISTS `bookings`;
/*!40101 SET @saved_cs_client     = @@character_set_client */;
/*!50503 SET character_set_client = utf8mb4 */;
CREATE TABLE `bookings` (
  `booking_id` int NOT NULL AUTO_INCREMENT,
  `age` int DEFAULT NULL,
  `booking_date` datetime(6) DEFAULT NULL,
  `code_booking` varchar(6) DEFAULT NULL,
  `country` varchar(50) DEFAULT NULL,
  `gender` varchar(10) DEFAULT NULL,
  `name` varchar(100) DEFAULT NULL,
  `number_of_seats` varchar(255) DEFAULT NULL,
  `status` varchar(50) DEFAULT NULL,
  `total_price` double DEFAULT NULL,
  `flight_id` int DEFAULT NULL,
  `user_id` int DEFAULT NULL,
  PRIMARY KEY (`booking_id`),
  KEY `FKidcytqkgq0ve4x1elcnbmdy8a` (`flight_id`),
  KEY `FKeyog2oic85xg7hsu2je2lx3s6` (`user_id`),
  CONSTRAINT `FKeyog2oic85xg7hsu2je2lx3s6` FOREIGN KEY (`user_id`) REFERENCES `users` (`id`),
  CONSTRAINT `FKidcytqkgq0ve4x1elcnbmdy8a` FOREIGN KEY (`flight_id`) REFERENCES `flights` (`flight_id`)
) ENGINE=InnoDB AUTO_INCREMENT=21 DEFAULT CHARSET=utf8mb4 COLLATE=utf8mb4_0900_ai_ci;
/*!40101 SET character_set_client = @saved_cs_client */;

--
-- Dumping data for table `bookings`
--

LOCK TABLES `bookings` WRITE;
/*!40000 ALTER TABLE `bookings` DISABLE KEYS */;
INSERT INTO `bookings` VALUES (8,NULL,'2024-08-20 14:18:38.408498','JT6622','Việt Nam','Nam','Lê Hồng Quang','2A','Đã thanh toán',2990000,3,2),(9,NULL,'2024-08-20 14:18:43.647027','RL4013','Việt Nam','Nam','Hoàng Đình Bảo Kỳ','2B','Đã thanh toán',2990000,3,2),(10,NULL,'2024-08-20 14:18:47.549846','PL4541','Việt Nam','Nam','Tôn Thất Hoàng Phong','2C','Đã thanh toán',2990000,3,2),(11,NULL,'2024-08-22 15:49:11.229803','KU4773','Việt Nam','Nam','Lê Hồng Quang','1D','Đã thanh toán',2990000,4,2),(12,NULL,'2024-08-22 15:49:15.657242','KL1788','Việt Nam','Nam','Hoàng Đình Bảo Kỳ','1E','Đã thanh toán',2990000,4,2),(13,NULL,'2024-08-22 15:49:19.683345','RZ4974','Việt Nam','Nam','Tôn Thất Hoàng Phong','2E','Đã thanh toán',2990000,4,2),(14,NULL,'2024-08-22 15:49:24.257349','IN4220','Việt Nam','Nam','Trần Văn Sỷ','3F','Đã thanh toán',2990000,4,2),(15,NULL,'2024-08-22 15:58:57.440902','CK1686','Việt Nam','Nam','Lê Hồng Quang','4D','Đã thanh toán',3290000,10,4),(16,NULL,'2024-08-22 16:03:41.344038','PN7151','Việt Nam','Nam','Lê Hồng Quang','1A','Đã thanh toán',3290000,10,2),(17,NULL,'2024-08-22 18:53:10.654760','UE7291','Việt Nam','Nam','Lê Hồng Quang','4F','Đã thanh toán',2990000,4,2),(18,NULL,'2024-08-23 14:52:01.132419','RV3122','Việt Nam','Nam','Lê Hồng Quang','5F','Đã thanh toán',2990000,5,2),(19,NULL,'2024-08-23 15:52:36.114422','SL4534','Việt Nam','Nam','Lê Hồng Quang','1D','Đã thanh toán',2990000,14,2),(20,NULL,'2024-08-23 15:52:41.365266','MJ6471','Việt Nam','Nam','Hoàng Đình Bảo Kỳ','1E','Đã thanh toán',2990000,14,2);
/*!40000 ALTER TABLE `bookings` ENABLE KEYS */;
UNLOCK TABLES;

--
-- Table structure for table `flights`
--

DROP TABLE IF EXISTS `flights`;
/*!40101 SET @saved_cs_client     = @@character_set_client */;
/*!50503 SET character_set_client = utf8mb4 */;
CREATE TABLE `flights` (
  `flight_id` int NOT NULL AUTO_INCREMENT,
  `airline` varchar(50) DEFAULT NULL,
  `arrival_time` datetime(6) DEFAULT NULL,
  `departure_time` datetime(6) DEFAULT NULL,
  `flight_number` varchar(10) NOT NULL,
  `price` double DEFAULT NULL,
  `seat_capacity` int DEFAULT NULL,
  `arrival_airport_id` int DEFAULT NULL,
  `departure_airport_id` int DEFAULT NULL,
  `user_id` int DEFAULT NULL,
  PRIMARY KEY (`flight_id`),
  UNIQUE KEY `UK6bx3i9v6ikjiy0ru5ybor8t7` (`flight_number`),
  KEY `FKr90ujcvdphv3co3ry7aiel6l4` (`arrival_airport_id`),
  KEY `FK27lt4nklvbrwsw7x32dw0d05q` (`departure_airport_id`),
  KEY `FK8te68qve3h2pt19g23twomfak` (`user_id`),
  CONSTRAINT `FK27lt4nklvbrwsw7x32dw0d05q` FOREIGN KEY (`departure_airport_id`) REFERENCES `airports` (`airport_id`),
  CONSTRAINT `FK8te68qve3h2pt19g23twomfak` FOREIGN KEY (`user_id`) REFERENCES `users` (`id`),
  CONSTRAINT `FKr90ujcvdphv3co3ry7aiel6l4` FOREIGN KEY (`arrival_airport_id`) REFERENCES `airports` (`airport_id`)
) ENGINE=InnoDB AUTO_INCREMENT=25 DEFAULT CHARSET=utf8mb4 COLLATE=utf8mb4_0900_ai_ci;
/*!40101 SET character_set_client = @saved_cs_client */;

--
-- Dumping data for table `flights`
--

LOCK TABLES `flights` WRITE;
/*!40000 ALTER TABLE `flights` DISABLE KEYS */;
INSERT INTO `flights` VALUES (1,'VietNamEline','2024-09-30 21:30:00.000000','2024-09-30 19:30:00.000000','VN123',3200000,150,2,1,10),(2,'VietJet','2024-09-22 17:00:00.000000','2024-09-22 14:00:00.000000','VJ456',2990000,150,3,1,NULL),(3,'BambooAirways','2024-09-21 09:00:00.000000','2024-09-21 06:30:00.000000','QH789',2990000,150,4,1,NULL),(4,'VietNamEline','2024-09-23 19:00:00.000000','2024-09-23 16:00:00.000000','VN321',2990000,150,5,2,NULL),(5,'VietJet','2024-09-24 21:00:00.000000','2024-09-24 18:00:00.000000','VJ654',2990000,150,6,2,2),(6,'BambooAirways','2024-09-24 08:00:00.000000','2024-09-24 05:00:00.000000','QH987',1990000,150,7,3,4),(7,'VietNamEline','2024-09-25 11:00:00.000000','2024-09-25 08:00:00.000000','VN654',1390000,150,8,3,NULL),(8,'VietJet','2024-09-25 13:00:00.000000','2024-09-25 10:00:00.000000','VJ321',3390000,150,9,4,NULL),(9,'BambooAirways','2024-09-25 16:00:00.000000','2024-09-25 13:00:00.000000','QH654',2290000,150,10,4,2),(10,'VietNamEline','2024-09-23 18:00:00.000000','2024-09-23 15:00:00.000000','VN987',3290000,150,1,5,2),(11,'SkyJourney','2024-09-20 15:00:00.000000','2024-09-20 12:11:00.000000','SJ123',3200000,150,2,1,NULL),(12,'SkyJourney','2024-09-22 17:00:00.000000','2024-09-22 14:00:00.000000','SJ456',2990000,150,3,1,NULL),(13,'SkyJourney','2024-09-21 09:00:00.000000','2024-09-21 06:30:00.000000','SJ789',2990000,150,4,1,NULL),(14,'SkyJourney','2024-09-23 19:00:00.000000','2024-09-24 16:00:00.000000','SJ321',2990000,150,5,2,5),(15,'SkyJourney','2024-09-24 21:00:00.000000','2024-09-24 18:00:00.000000','SJ654',2990000,150,6,2,2),(16,'SkyJourney','2024-09-15 00:00:00.000000','2024-09-20 10:45:00.000000','VN3306',2390000,120,1,3,NULL),(17,'SkyJourney','2024-09-15 12:00:00.000000','2024-09-20 10:45:00.000000','VN9987',2390000,120,2,1,NULL),(18,'SkyJourney','2024-09-15 09:00:00.000000','2024-09-20 07:00:00.000000','VN1221',2990000,120,4,3,NULL),(19,'SkyJourney','2024-09-15 15:00:00.000000','2024-09-20 13:00:00.000000','VN3309',2100000,120,7,3,NULL),(20,'SkyJourney','2024-09-15 11:30:00.000000','2024-09-20 08:30:00.000000','SJ1222',139000,120,3,4,NULL),(22,'SkyJourney','2024-09-23 15:30:00.000000','2024-09-25 13:30:00.000000','SJ2308',1990000,120,7,8,2),(23,'SkyJourney','2024-09-29 21:30:00.000000','2024-09-29 19:30:00.000000','VN0001',1390000,120,2,1,NULL),(24,'SkyJourney','2024-10-01 00:00:00.000000','2024-10-01 21:30:00.000000','SJ0001',2990000,120,3,1,NULL);
/*!40000 ALTER TABLE `flights` ENABLE KEYS */;
UNLOCK TABLES;

--
-- Table structure for table `order_details`
--

DROP TABLE IF EXISTS `order_details`;
/*!40101 SET @saved_cs_client     = @@character_set_client */;
/*!50503 SET character_set_client = utf8mb4 */;
CREATE TABLE `order_details` (
  `order_id` int NOT NULL AUTO_INCREMENT,
  `booking_id` int DEFAULT NULL,
  `user_id` int DEFAULT NULL,
  PRIMARY KEY (`order_id`),
  KEY `FKlfjxtv9ff9wrrtqro8ohflkdi` (`booking_id`),
  KEY `FKk2w14ysy80rutm079xu6d4ygm` (`user_id`),
  CONSTRAINT `FKk2w14ysy80rutm079xu6d4ygm` FOREIGN KEY (`user_id`) REFERENCES `users` (`id`),
  CONSTRAINT `FKlfjxtv9ff9wrrtqro8ohflkdi` FOREIGN KEY (`booking_id`) REFERENCES `bookings` (`booking_id`)
) ENGINE=InnoDB DEFAULT CHARSET=utf8mb4 COLLATE=utf8mb4_0900_ai_ci;
/*!40101 SET character_set_client = @saved_cs_client */;

--
-- Dumping data for table `order_details`
--

LOCK TABLES `order_details` WRITE;
/*!40000 ALTER TABLE `order_details` DISABLE KEYS */;
/*!40000 ALTER TABLE `order_details` ENABLE KEYS */;
UNLOCK TABLES;

--
-- Table structure for table `pay_method`
--

DROP TABLE IF EXISTS `pay_method`;
/*!40101 SET @saved_cs_client     = @@character_set_client */;
/*!50503 SET character_set_client = utf8mb4 */;
CREATE TABLE `pay_method` (
  `paymethod_id` int NOT NULL AUTO_INCREMENT,
  `paymethod_name` varchar(100) DEFAULT NULL,
  PRIMARY KEY (`paymethod_id`)
) ENGINE=InnoDB DEFAULT CHARSET=utf8mb4 COLLATE=utf8mb4_0900_ai_ci;
/*!40101 SET character_set_client = @saved_cs_client */;

--
-- Dumping data for table `pay_method`
--

LOCK TABLES `pay_method` WRITE;
/*!40000 ALTER TABLE `pay_method` DISABLE KEYS */;
/*!40000 ALTER TABLE `pay_method` ENABLE KEYS */;
UNLOCK TABLES;

--
-- Table structure for table `payments`
--

DROP TABLE IF EXISTS `payments`;
/*!40101 SET @saved_cs_client     = @@character_set_client */;
/*!50503 SET character_set_client = utf8mb4 */;
CREATE TABLE `payments` (
  `payment_id` int NOT NULL AUTO_INCREMENT,
  `amount` double DEFAULT NULL,
  `payment_date` datetime(6) DEFAULT NULL,
  `payment_status` varchar(50) DEFAULT NULL,
  `booking_id` int DEFAULT NULL,
  `paymethod_id` int DEFAULT NULL,
  PRIMARY KEY (`payment_id`),
  KEY `FKc52o2b1jkxttngufqp3t7jr3h` (`booking_id`),
  KEY `FK98d3m2hsi7duvmr38yw6p59ti` (`paymethod_id`),
  CONSTRAINT `FK98d3m2hsi7duvmr38yw6p59ti` FOREIGN KEY (`paymethod_id`) REFERENCES `pay_method` (`paymethod_id`),
  CONSTRAINT `FKc52o2b1jkxttngufqp3t7jr3h` FOREIGN KEY (`booking_id`) REFERENCES `bookings` (`booking_id`)
) ENGINE=InnoDB DEFAULT CHARSET=utf8mb4 COLLATE=utf8mb4_0900_ai_ci;
/*!40101 SET character_set_client = @saved_cs_client */;

--
-- Dumping data for table `payments`
--

LOCK TABLES `payments` WRITE;
/*!40000 ALTER TABLE `payments` DISABLE KEYS */;
/*!40000 ALTER TABLE `payments` ENABLE KEYS */;
UNLOCK TABLES;

--
-- Table structure for table `roles`
--

DROP TABLE IF EXISTS `roles`;
/*!40101 SET @saved_cs_client     = @@character_set_client */;
/*!50503 SET character_set_client = utf8mb4 */;
CREATE TABLE `roles` (
  `id` int NOT NULL AUTO_INCREMENT,
  `description` varchar(50) NOT NULL,
  `name` varchar(50) NOT NULL,
  PRIMARY KEY (`id`),
  UNIQUE KEY `APP_ROLE_UK` (`name`)
) ENGINE=InnoDB AUTO_INCREMENT=4 DEFAULT CHARSET=utf8mb4 COLLATE=utf8mb4_0900_ai_ci;
/*!40101 SET character_set_client = @saved_cs_client */;

--
-- Dumping data for table `roles`
--

LOCK TABLES `roles` WRITE;
/*!40000 ALTER TABLE `roles` DISABLE KEYS */;
INSERT INTO `roles` VALUES (1,'Quản trị viên','ROLE_ADMIN'),(2,'Nhân viên','ROLE_EMPLOYEE'),(3,'Khách hàng','ROLE_CUSTOMER');
/*!40000 ALTER TABLE `roles` ENABLE KEYS */;
UNLOCK TABLES;

--
-- Table structure for table `seats`
--

DROP TABLE IF EXISTS `seats`;
/*!40101 SET @saved_cs_client     = @@character_set_client */;
/*!50503 SET character_set_client = utf8mb4 */;
CREATE TABLE `seats` (
  `seat_id` int NOT NULL AUTO_INCREMENT,
  `availability_status` varchar(255) NOT NULL,
  `class_type` varchar(50) NOT NULL,
  `hold_expiration` datetime(6) DEFAULT NULL,
  `seat_number` varchar(10) NOT NULL,
  `flight_id` int NOT NULL,
  PRIMARY KEY (`seat_id`),
  KEY `FK8qbyfo5qix0qqg5euuk81qo0p` (`flight_id`),
  CONSTRAINT `FK8qbyfo5qix0qqg5euuk81qo0p` FOREIGN KEY (`flight_id`) REFERENCES `flights` (`flight_id`)
) ENGINE=InnoDB AUTO_INCREMENT=4681 DEFAULT CHARSET=utf8mb4 COLLATE=utf8mb4_0900_ai_ci;
/*!40101 SET character_set_client = @saved_cs_client */;

--
-- Dumping data for table `seats`
--

LOCK TABLES `seats` WRITE;
/*!40000 ALTER TABLE `seats` DISABLE KEYS */;
INSERT INTO `seats` VALUES (1,'AVAILABLE','Economy',NULL,'1A',16),(2,'AVAILABLE','Economy',NULL,'1B',16),(3,'AVAILABLE','Economy',NULL,'1C',16),(4,'AVAILABLE','Economy',NULL,'1D',16),(5,'AVAILABLE','Economy',NULL,'1E',16),(6,'AVAILABLE','Economy',NULL,'1F',16),(7,'AVAILABLE','Economy',NULL,'2A',16),(8,'AVAILABLE','Economy',NULL,'2B',16),(9,'AVAILABLE','Economy',NULL,'2C',16),(10,'AVAILABLE','Economy',NULL,'2D',16),(11,'AVAILABLE','Economy',NULL,'2E',16),(12,'AVAILABLE','Economy',NULL,'2F',16),(13,'AVAILABLE','Economy',NULL,'3A',16),(14,'AVAILABLE','Economy',NULL,'3B',16),(15,'AVAILABLE','Economy',NULL,'3C',16),(16,'AVAILABLE','Economy',NULL,'3D',16),(17,'AVAILABLE','Economy',NULL,'3E',16),(18,'AVAILABLE','Economy',NULL,'3F',16),(19,'AVAILABLE','Economy',NULL,'4A',16),(20,'AVAILABLE','Economy',NULL,'4B',16),(21,'AVAILABLE','Economy',NULL,'4C',16),(22,'AVAILABLE','Economy',NULL,'4D',16),(23,'AVAILABLE','Economy',NULL,'4E',16),(24,'AVAILABLE','Economy',NULL,'4F',16),(25,'AVAILABLE','Economy',NULL,'5A',16),(26,'AVAILABLE','Economy',NULL,'5B',16),(27,'AVAILABLE','Economy',NULL,'5C',16),(28,'AVAILABLE','Economy',NULL,'5D',16),(29,'AVAILABLE','Economy',NULL,'5E',16),(30,'AVAILABLE','Economy',NULL,'5F',16),(31,'AVAILABLE','Economy',NULL,'6A',16),(32,'AVAILABLE','Economy',NULL,'6B',16),(33,'AVAILABLE','Economy',NULL,'6C',16),(34,'AVAILABLE','Economy',NULL,'6D',16),(35,'AVAILABLE','Economy',NULL,'6E',16),(36,'AVAILABLE','Economy',NULL,'6F',16),(37,'AVAILABLE','Economy',NULL,'7A',16),(38,'AVAILABLE','Economy',NULL,'7B',16),(39,'AVAILABLE','Economy',NULL,'7C',16),(40,'AVAILABLE','Economy',NULL,'7D',16),(41,'AVAILABLE','Economy',NULL,'7E',16),(42,'AVAILABLE','Economy',NULL,'7F',16),(43,'AVAILABLE','Economy',NULL,'8A',16),(44,'AVAILABLE','Economy',NULL,'8B',16),(45,'AVAILABLE','Economy',NULL,'8C',16),(46,'AVAILABLE','Economy',NULL,'8D',16),(47,'AVAILABLE','Economy',NULL,'8E',16),(48,'AVAILABLE','Economy',NULL,'8F',16),(49,'AVAILABLE','Economy',NULL,'9A',16),(50,'AVAILABLE','Economy',NULL,'9B',16),(51,'AVAILABLE','Economy',NULL,'9C',16),(52,'AVAILABLE','Economy',NULL,'9D',16),(53,'AVAILABLE','Economy',NULL,'9E',16),(54,'AVAILABLE','Economy',NULL,'9F',16),(55,'AVAILABLE','Economy',NULL,'10A',16),(56,'AVAILABLE','Economy',NULL,'10B',16),(57,'AVAILABLE','Economy',NULL,'10C',16),(58,'AVAILABLE','Economy',NULL,'10D',16),(59,'AVAILABLE','Economy',NULL,'10E',16),(60,'AVAILABLE','Economy',NULL,'10F',16),(61,'AVAILABLE','Economy',NULL,'11A',16),(62,'AVAILABLE','Economy',NULL,'11B',16),(63,'AVAILABLE','Economy',NULL,'11C',16),(64,'AVAILABLE','Economy',NULL,'11D',16),(65,'AVAILABLE','Economy',NULL,'11E',16),(66,'AVAILABLE','Economy',NULL,'11F',16),(67,'AVAILABLE','Economy',NULL,'12A',16),(68,'AVAILABLE','Economy',NULL,'12B',16),(69,'AVAILABLE','Economy',NULL,'12C',16),(70,'AVAILABLE','Economy',NULL,'12D',16),(71,'AVAILABLE','Economy',NULL,'12E',16),(72,'AVAILABLE','Economy',NULL,'12F',16),(73,'AVAILABLE','Economy',NULL,'13A',16),(74,'AVAILABLE','Economy',NULL,'13B',16),(75,'AVAILABLE','Economy',NULL,'13C',16),(76,'AVAILABLE','Economy',NULL,'13D',16),(77,'AVAILABLE','Economy',NULL,'13E',16),(78,'AVAILABLE','Economy',NULL,'13F',16),(79,'AVAILABLE','Economy',NULL,'14A',16),(80,'AVAILABLE','Economy',NULL,'14B',16),(81,'AVAILABLE','Economy',NULL,'14C',16),(82,'AVAILABLE','Economy',NULL,'14D',16),(83,'AVAILABLE','Economy',NULL,'14E',16),(84,'AVAILABLE','Economy',NULL,'14F',16),(85,'AVAILABLE','Economy',NULL,'15A',16),(86,'AVAILABLE','Economy',NULL,'15B',16),(87,'AVAILABLE','Economy',NULL,'15C',16),(88,'AVAILABLE','Economy',NULL,'15D',16),(89,'AVAILABLE','Economy',NULL,'15E',16),(90,'AVAILABLE','Economy',NULL,'15F',16),(91,'AVAILABLE','Economy',NULL,'16A',16),(92,'AVAILABLE','Economy',NULL,'16B',16),(93,'AVAILABLE','Economy',NULL,'16C',16),(94,'AVAILABLE','Economy',NULL,'16D',16),(95,'AVAILABLE','Economy',NULL,'16E',16),(96,'AVAILABLE','Economy',NULL,'16F',16),(97,'AVAILABLE','Economy',NULL,'17A',16),(98,'AVAILABLE','Economy',NULL,'17B',16),(99,'AVAILABLE','Economy',NULL,'17C',16),(100,'AVAILABLE','Economy',NULL,'17D',16),(101,'AVAILABLE','Economy',NULL,'17E',16),(102,'AVAILABLE','Economy',NULL,'17F',16),(103,'AVAILABLE','Economy',NULL,'18A',16),(104,'AVAILABLE','Economy',NULL,'18B',16),(105,'AVAILABLE','Economy',NULL,'18C',16),(106,'AVAILABLE','Economy',NULL,'18D',16),(107,'AVAILABLE','Economy',NULL,'18E',16),(108,'AVAILABLE','Economy',NULL,'18F',16),(109,'AVAILABLE','Economy',NULL,'19A',16),(110,'AVAILABLE','Economy',NULL,'19B',16),(111,'AVAILABLE','Economy',NULL,'19C',16),(112,'AVAILABLE','Economy',NULL,'19D',16),(113,'AVAILABLE','Economy',NULL,'19E',16),(114,'AVAILABLE','Economy',NULL,'19F',16),(115,'AVAILABLE','Economy',NULL,'20A',16),(116,'AVAILABLE','Economy',NULL,'20B',16),(117,'AVAILABLE','Economy',NULL,'20C',16),(118,'AVAILABLE','Economy',NULL,'20D',16),(119,'AVAILABLE','Economy',NULL,'20E',16),(120,'AVAILABLE','Economy',NULL,'20F',16),(121,'AVAILABLE','Economy',NULL,'1A',17),(122,'AVAILABLE','Economy',NULL,'1B',17),(123,'AVAILABLE','Economy',NULL,'1C',17),(124,'AVAILABLE','Economy',NULL,'1D',17),(125,'AVAILABLE','Economy',NULL,'1E',17),(126,'AVAILABLE','Economy',NULL,'1F',17),(127,'AVAILABLE','Economy',NULL,'2A',17),(128,'AVAILABLE','Economy',NULL,'2B',17),(129,'AVAILABLE','Economy',NULL,'2C',17),(130,'AVAILABLE','Economy',NULL,'2D',17),(131,'AVAILABLE','Economy',NULL,'2E',17),(132,'AVAILABLE','Economy',NULL,'2F',17),(133,'AVAILABLE','Economy',NULL,'3A',17),(134,'AVAILABLE','Economy',NULL,'3B',17),(135,'AVAILABLE','Economy',NULL,'3C',17),(136,'AVAILABLE','Economy',NULL,'3D',17),(137,'AVAILABLE','Economy',NULL,'3E',17),(138,'AVAILABLE','Economy',NULL,'3F',17),(139,'AVAILABLE','Economy',NULL,'4A',17),(140,'AVAILABLE','Economy',NULL,'4B',17),(141,'AVAILABLE','Economy',NULL,'4C',17),(142,'AVAILABLE','Economy',NULL,'4D',17),(143,'AVAILABLE','Economy',NULL,'4E',17),(144,'AVAILABLE','Economy',NULL,'4F',17),(145,'AVAILABLE','Economy',NULL,'5A',17),(146,'AVAILABLE','Economy',NULL,'5B',17),(147,'AVAILABLE','Economy',NULL,'5C',17),(148,'AVAILABLE','Economy',NULL,'5D',17),(149,'AVAILABLE','Economy',NULL,'5E',17),(150,'AVAILABLE','Economy',NULL,'5F',17),(151,'AVAILABLE','Economy',NULL,'6A',17),(152,'AVAILABLE','Economy',NULL,'6B',17),(153,'AVAILABLE','Economy',NULL,'6C',17),(154,'AVAILABLE','Economy',NULL,'6D',17),(155,'AVAILABLE','Economy',NULL,'6E',17),(156,'AVAILABLE','Economy',NULL,'6F',17),(157,'AVAILABLE','Economy',NULL,'7A',17),(158,'AVAILABLE','Economy',NULL,'7B',17),(159,'AVAILABLE','Economy',NULL,'7C',17),(160,'AVAILABLE','Economy',NULL,'7D',17),(161,'AVAILABLE','Economy',NULL,'7E',17),(162,'AVAILABLE','Economy',NULL,'7F',17),(163,'AVAILABLE','Economy',NULL,'8A',17),(164,'AVAILABLE','Economy',NULL,'8B',17),(165,'AVAILABLE','Economy',NULL,'8C',17),(166,'AVAILABLE','Economy',NULL,'8D',17),(167,'AVAILABLE','Economy',NULL,'8E',17),(168,'AVAILABLE','Economy',NULL,'8F',17),(169,'AVAILABLE','Economy',NULL,'9A',17),(170,'AVAILABLE','Economy',NULL,'9B',17),(171,'AVAILABLE','Economy',NULL,'9C',17),(172,'AVAILABLE','Economy',NULL,'9D',17),(173,'AVAILABLE','Economy',NULL,'9E',17),(174,'AVAILABLE','Economy',NULL,'9F',17),(175,'AVAILABLE','Economy',NULL,'10A',17),(176,'AVAILABLE','Economy',NULL,'10B',17),(177,'AVAILABLE','Economy',NULL,'10C',17),(178,'AVAILABLE','Economy',NULL,'10D',17),(179,'AVAILABLE','Economy',NULL,'10E',17),(180,'AVAILABLE','Economy',NULL,'10F',17),(181,'AVAILABLE','Economy',NULL,'11A',17),(182,'AVAILABLE','Economy',NULL,'11B',17),(183,'AVAILABLE','Economy',NULL,'11C',17),(184,'AVAILABLE','Economy',NULL,'11D',17),(185,'AVAILABLE','Economy',NULL,'11E',17),(186,'AVAILABLE','Economy',NULL,'11F',17),(187,'AVAILABLE','Economy',NULL,'12A',17),(188,'AVAILABLE','Economy',NULL,'12B',17),(189,'AVAILABLE','Economy',NULL,'12C',17),(190,'AVAILABLE','Economy',NULL,'12D',17),(191,'AVAILABLE','Economy',NULL,'12E',17),(192,'AVAILABLE','Economy',NULL,'12F',17),(193,'AVAILABLE','Economy',NULL,'13A',17),(194,'AVAILABLE','Economy',NULL,'13B',17),(195,'AVAILABLE','Economy',NULL,'13C',17),(196,'AVAILABLE','Economy',NULL,'13D',17),(197,'AVAILABLE','Economy',NULL,'13E',17),(198,'AVAILABLE','Economy',NULL,'13F',17),(199,'AVAILABLE','Economy',NULL,'14A',17),(200,'AVAILABLE','Economy',NULL,'14B',17),(201,'AVAILABLE','Economy',NULL,'14C',17),(202,'AVAILABLE','Economy',NULL,'14D',17),(203,'AVAILABLE','Economy',NULL,'14E',17),(204,'AVAILABLE','Economy',NULL,'14F',17),(205,'AVAILABLE','Economy',NULL,'15A',17),(206,'AVAILABLE','Economy',NULL,'15B',17),(207,'AVAILABLE','Economy',NULL,'15C',17),(208,'AVAILABLE','Economy',NULL,'15D',17),(209,'AVAILABLE','Economy',NULL,'15E',17),(210,'AVAILABLE','Economy',NULL,'15F',17),(211,'AVAILABLE','Economy',NULL,'16A',17),(212,'AVAILABLE','Economy',NULL,'16B',17),(213,'AVAILABLE','Economy',NULL,'16C',17),(214,'AVAILABLE','Economy',NULL,'16D',17),(215,'AVAILABLE','Economy',NULL,'16E',17),(216,'AVAILABLE','Economy',NULL,'16F',17),(217,'AVAILABLE','Economy',NULL,'17A',17),(218,'AVAILABLE','Economy',NULL,'17B',17),(219,'AVAILABLE','Economy',NULL,'17C',17),(220,'AVAILABLE','Economy',NULL,'17D',17),(221,'AVAILABLE','Economy',NULL,'17E',17),(222,'AVAILABLE','Economy',NULL,'17F',17),(223,'AVAILABLE','Economy',NULL,'18A',17),(224,'AVAILABLE','Economy',NULL,'18B',17),(225,'AVAILABLE','Economy',NULL,'18C',17),(226,'AVAILABLE','Economy',NULL,'18D',17),(227,'AVAILABLE','Economy',NULL,'18E',17),(228,'AVAILABLE','Economy',NULL,'18F',17),(229,'AVAILABLE','Economy',NULL,'19A',17),(230,'AVAILABLE','Economy',NULL,'19B',17),(231,'AVAILABLE','Economy',NULL,'19C',17),(232,'AVAILABLE','Economy',NULL,'19D',17),(233,'AVAILABLE','Economy',NULL,'19E',17),(234,'AVAILABLE','Economy',NULL,'19F',17),(235,'AVAILABLE','Economy',NULL,'20A',17),(236,'AVAILABLE','Economy',NULL,'20B',17),(237,'AVAILABLE','Economy',NULL,'20C',17),(238,'AVAILABLE','Economy',NULL,'20D',17),(239,'AVAILABLE','Economy',NULL,'20E',17),(240,'AVAILABLE','Economy',NULL,'20F',17),(241,'AVAILABLE','Economy',NULL,'1A',18),(242,'AVAILABLE','Economy',NULL,'1B',18),(243,'AVAILABLE','Economy',NULL,'1C',18),(244,'AVAILABLE','Economy',NULL,'1D',18),(245,'AVAILABLE','Economy',NULL,'1E',18),(246,'AVAILABLE','Economy',NULL,'1F',18),(247,'AVAILABLE','Economy',NULL,'2A',18),(248,'AVAILABLE','Economy',NULL,'2B',18),(249,'AVAILABLE','Economy',NULL,'2C',18),(250,'AVAILABLE','Economy',NULL,'2D',18),(251,'AVAILABLE','Economy',NULL,'2E',18),(252,'AVAILABLE','Economy',NULL,'2F',18),(253,'AVAILABLE','Economy',NULL,'3A',18),(254,'AVAILABLE','Economy',NULL,'3B',18),(255,'AVAILABLE','Economy',NULL,'3C',18),(256,'AVAILABLE','Economy',NULL,'3D',18),(257,'AVAILABLE','Economy',NULL,'3E',18),(258,'AVAILABLE','Economy',NULL,'3F',18),(259,'AVAILABLE','Economy',NULL,'4A',18),(260,'AVAILABLE','Economy',NULL,'4B',18),(261,'AVAILABLE','Economy',NULL,'4C',18),(262,'AVAILABLE','Economy',NULL,'4D',18),(263,'AVAILABLE','Economy',NULL,'4E',18),(264,'AVAILABLE','Economy',NULL,'4F',18),(265,'AVAILABLE','Economy',NULL,'5A',18),(266,'AVAILABLE','Economy',NULL,'5B',18),(267,'AVAILABLE','Economy',NULL,'5C',18),(268,'AVAILABLE','Economy',NULL,'5D',18),(269,'AVAILABLE','Economy',NULL,'5E',18),(270,'AVAILABLE','Economy',NULL,'5F',18),(271,'AVAILABLE','Economy',NULL,'6A',18),(272,'AVAILABLE','Economy',NULL,'6B',18),(273,'AVAILABLE','Economy',NULL,'6C',18),(274,'AVAILABLE','Economy',NULL,'6D',18),(275,'AVAILABLE','Economy',NULL,'6E',18),(276,'AVAILABLE','Economy',NULL,'6F',18),(277,'AVAILABLE','Economy',NULL,'7A',18),(278,'AVAILABLE','Economy',NULL,'7B',18),(279,'AVAILABLE','Economy',NULL,'7C',18),(280,'AVAILABLE','Economy',NULL,'7D',18),(281,'AVAILABLE','Economy',NULL,'7E',18),(282,'AVAILABLE','Economy',NULL,'7F',18),(283,'AVAILABLE','Economy',NULL,'8A',18),(284,'AVAILABLE','Economy',NULL,'8B',18),(285,'AVAILABLE','Economy',NULL,'8C',18),(286,'AVAILABLE','Economy',NULL,'8D',18),(287,'AVAILABLE','Economy',NULL,'8E',18),(288,'AVAILABLE','Economy',NULL,'8F',18),(289,'AVAILABLE','Economy',NULL,'9A',18),(290,'AVAILABLE','Economy',NULL,'9B',18),(291,'AVAILABLE','Economy',NULL,'9C',18),(292,'AVAILABLE','Economy',NULL,'9D',18),(293,'AVAILABLE','Economy',NULL,'9E',18),(294,'AVAILABLE','Economy',NULL,'9F',18),(295,'AVAILABLE','Economy',NULL,'10A',18),(296,'AVAILABLE','Economy',NULL,'10B',18),(297,'AVAILABLE','Economy',NULL,'10C',18),(298,'AVAILABLE','Economy',NULL,'10D',18),(299,'AVAILABLE','Economy',NULL,'10E',18),(300,'AVAILABLE','Economy',NULL,'10F',18),(301,'AVAILABLE','Economy',NULL,'11A',18),(302,'AVAILABLE','Economy',NULL,'11B',18),(303,'AVAILABLE','Economy',NULL,'11C',18),(304,'AVAILABLE','Economy',NULL,'11D',18),(305,'AVAILABLE','Economy',NULL,'11E',18),(306,'AVAILABLE','Economy',NULL,'11F',18),(307,'AVAILABLE','Economy',NULL,'12A',18),(308,'AVAILABLE','Economy',NULL,'12B',18),(309,'AVAILABLE','Economy',NULL,'12C',18),(310,'AVAILABLE','Economy',NULL,'12D',18),(311,'AVAILABLE','Economy',NULL,'12E',18),(312,'AVAILABLE','Economy',NULL,'12F',18),(313,'AVAILABLE','Economy',NULL,'13A',18),(314,'AVAILABLE','Economy',NULL,'13B',18),(315,'AVAILABLE','Economy',NULL,'13C',18),(316,'AVAILABLE','Economy',NULL,'13D',18),(317,'AVAILABLE','Economy',NULL,'13E',18),(318,'AVAILABLE','Economy',NULL,'13F',18),(319,'AVAILABLE','Economy',NULL,'14A',18),(320,'AVAILABLE','Economy',NULL,'14B',18),(321,'AVAILABLE','Economy',NULL,'14C',18),(322,'AVAILABLE','Economy',NULL,'14D',18),(323,'AVAILABLE','Economy',NULL,'14E',18),(324,'AVAILABLE','Economy',NULL,'14F',18),(325,'AVAILABLE','Economy',NULL,'15A',18),(326,'AVAILABLE','Economy',NULL,'15B',18),(327,'AVAILABLE','Economy',NULL,'15C',18),(328,'AVAILABLE','Economy',NULL,'15D',18),(329,'AVAILABLE','Economy',NULL,'15E',18),(330,'AVAILABLE','Economy',NULL,'15F',18),(331,'AVAILABLE','Economy',NULL,'16A',18),(332,'AVAILABLE','Economy',NULL,'16B',18),(333,'AVAILABLE','Economy',NULL,'16C',18),(334,'AVAILABLE','Economy',NULL,'16D',18),(335,'AVAILABLE','Economy',NULL,'16E',18),(336,'AVAILABLE','Economy',NULL,'16F',18),(337,'AVAILABLE','Economy',NULL,'17A',18),(338,'AVAILABLE','Economy',NULL,'17B',18),(339,'AVAILABLE','Economy',NULL,'17C',18),(340,'AVAILABLE','Economy',NULL,'17D',18),(341,'AVAILABLE','Economy',NULL,'17E',18),(342,'AVAILABLE','Economy',NULL,'17F',18),(343,'AVAILABLE','Economy',NULL,'18A',18),(344,'AVAILABLE','Economy',NULL,'18B',18),(345,'AVAILABLE','Economy',NULL,'18C',18),(346,'AVAILABLE','Economy',NULL,'18D',18),(347,'AVAILABLE','Economy',NULL,'18E',18),(348,'AVAILABLE','Economy',NULL,'18F',18),(349,'AVAILABLE','Economy',NULL,'19A',18),(350,'AVAILABLE','Economy',NULL,'19B',18),(351,'AVAILABLE','Economy',NULL,'19C',18),(352,'AVAILABLE','Economy',NULL,'19D',18),(353,'AVAILABLE','Economy',NULL,'19E',18),(354,'AVAILABLE','Economy',NULL,'19F',18),(355,'AVAILABLE','Economy',NULL,'20A',18),(356,'AVAILABLE','Economy',NULL,'20B',18),(357,'AVAILABLE','Economy',NULL,'20C',18),(358,'AVAILABLE','Economy',NULL,'20D',18),(359,'AVAILABLE','Economy',NULL,'20E',18),(360,'AVAILABLE','Economy',NULL,'20F',18),(361,'AVAILABLE','Economy',NULL,'1A',19),(362,'AVAILABLE','Economy',NULL,'1B',19),(363,'AVAILABLE','Economy',NULL,'1C',19),(364,'AVAILABLE','Economy',NULL,'1D',19),(365,'AVAILABLE','Economy',NULL,'1E',19),(366,'AVAILABLE','Economy',NULL,'1F',19),(367,'AVAILABLE','Economy',NULL,'2A',19),(368,'AVAILABLE','Economy',NULL,'2B',19),(369,'AVAILABLE','Economy',NULL,'2C',19),(370,'AVAILABLE','Economy',NULL,'2D',19),(371,'AVAILABLE','Economy',NULL,'2E',19),(372,'AVAILABLE','Economy',NULL,'2F',19),(373,'AVAILABLE','Economy',NULL,'3A',19),(374,'AVAILABLE','Economy',NULL,'3B',19),(375,'AVAILABLE','Economy',NULL,'3C',19),(376,'AVAILABLE','Economy',NULL,'3D',19),(377,'AVAILABLE','Economy',NULL,'3E',19),(378,'AVAILABLE','Economy',NULL,'3F',19),(379,'AVAILABLE','Economy',NULL,'4A',19),(380,'AVAILABLE','Economy',NULL,'4B',19),(381,'AVAILABLE','Economy',NULL,'4C',19),(382,'AVAILABLE','Economy',NULL,'4D',19),(383,'AVAILABLE','Economy',NULL,'4E',19),(384,'AVAILABLE','Economy',NULL,'4F',19),(385,'AVAILABLE','Economy',NULL,'5A',19),(386,'AVAILABLE','Economy',NULL,'5B',19),(387,'AVAILABLE','Economy',NULL,'5C',19),(388,'AVAILABLE','Economy',NULL,'5D',19),(389,'AVAILABLE','Economy',NULL,'5E',19),(390,'AVAILABLE','Economy',NULL,'5F',19),(391,'AVAILABLE','Economy',NULL,'6A',19),(392,'AVAILABLE','Economy',NULL,'6B',19),(393,'AVAILABLE','Economy',NULL,'6C',19),(394,'AVAILABLE','Economy',NULL,'6D',19),(395,'AVAILABLE','Economy',NULL,'6E',19),(396,'AVAILABLE','Economy',NULL,'6F',19),(397,'AVAILABLE','Economy',NULL,'7A',19),(398,'AVAILABLE','Economy',NULL,'7B',19),(399,'AVAILABLE','Economy',NULL,'7C',19),(400,'AVAILABLE','Economy',NULL,'7D',19),(401,'AVAILABLE','Economy',NULL,'7E',19),(402,'AVAILABLE','Economy',NULL,'7F',19),(403,'AVAILABLE','Economy',NULL,'8A',19),(404,'AVAILABLE','Economy',NULL,'8B',19),(405,'AVAILABLE','Economy',NULL,'8C',19),(406,'AVAILABLE','Economy',NULL,'8D',19),(407,'AVAILABLE','Economy',NULL,'8E',19),(408,'AVAILABLE','Economy',NULL,'8F',19),(409,'AVAILABLE','Economy',NULL,'9A',19),(410,'AVAILABLE','Economy',NULL,'9B',19),(411,'AVAILABLE','Economy',NULL,'9C',19),(412,'AVAILABLE','Economy',NULL,'9D',19),(413,'AVAILABLE','Economy',NULL,'9E',19),(414,'AVAILABLE','Economy',NULL,'9F',19),(415,'AVAILABLE','Economy',NULL,'10A',19),(416,'AVAILABLE','Economy',NULL,'10B',19),(417,'AVAILABLE','Economy',NULL,'10C',19),(418,'AVAILABLE','Economy',NULL,'10D',19),(419,'AVAILABLE','Economy',NULL,'10E',19),(420,'AVAILABLE','Economy',NULL,'10F',19),(421,'AVAILABLE','Economy',NULL,'11A',19),(422,'AVAILABLE','Economy',NULL,'11B',19),(423,'AVAILABLE','Economy',NULL,'11C',19),(424,'AVAILABLE','Economy',NULL,'11D',19),(425,'AVAILABLE','Economy',NULL,'11E',19),(426,'AVAILABLE','Economy',NULL,'11F',19),(427,'AVAILABLE','Economy',NULL,'12A',19),(428,'AVAILABLE','Economy',NULL,'12B',19),(429,'AVAILABLE','Economy',NULL,'12C',19),(430,'AVAILABLE','Economy',NULL,'12D',19),(431,'AVAILABLE','Economy',NULL,'12E',19),(432,'AVAILABLE','Economy',NULL,'12F',19),(433,'AVAILABLE','Economy',NULL,'13A',19),(434,'AVAILABLE','Economy',NULL,'13B',19),(435,'AVAILABLE','Economy',NULL,'13C',19),(436,'AVAILABLE','Economy',NULL,'13D',19),(437,'AVAILABLE','Economy',NULL,'13E',19),(438,'AVAILABLE','Economy',NULL,'13F',19),(439,'AVAILABLE','Economy',NULL,'14A',19),(440,'AVAILABLE','Economy',NULL,'14B',19),(441,'AVAILABLE','Economy',NULL,'14C',19),(442,'AVAILABLE','Economy',NULL,'14D',19),(443,'AVAILABLE','Economy',NULL,'14E',19),(444,'AVAILABLE','Economy',NULL,'14F',19),(445,'AVAILABLE','Economy',NULL,'15A',19),(446,'AVAILABLE','Economy',NULL,'15B',19),(447,'AVAILABLE','Economy',NULL,'15C',19),(448,'AVAILABLE','Economy',NULL,'15D',19),(449,'AVAILABLE','Economy',NULL,'15E',19),(450,'AVAILABLE','Economy',NULL,'15F',19),(451,'AVAILABLE','Economy',NULL,'16A',19),(452,'AVAILABLE','Economy',NULL,'16B',19),(453,'AVAILABLE','Economy',NULL,'16C',19),(454,'AVAILABLE','Economy',NULL,'16D',19),(455,'AVAILABLE','Economy',NULL,'16E',19),(456,'AVAILABLE','Economy',NULL,'16F',19),(457,'AVAILABLE','Economy',NULL,'17A',19),(458,'AVAILABLE','Economy',NULL,'17B',19),(459,'AVAILABLE','Economy',NULL,'17C',19),(460,'AVAILABLE','Economy',NULL,'17D',19),(461,'AVAILABLE','Economy',NULL,'17E',19),(462,'AVAILABLE','Economy',NULL,'17F',19),(463,'AVAILABLE','Economy',NULL,'18A',19),(464,'AVAILABLE','Economy',NULL,'18B',19),(465,'AVAILABLE','Economy',NULL,'18C',19),(466,'AVAILABLE','Economy',NULL,'18D',19),(467,'AVAILABLE','Economy',NULL,'18E',19),(468,'AVAILABLE','Economy',NULL,'18F',19),(469,'AVAILABLE','Economy',NULL,'19A',19),(470,'AVAILABLE','Economy',NULL,'19B',19),(471,'AVAILABLE','Economy',NULL,'19C',19),(472,'AVAILABLE','Economy',NULL,'19D',19),(473,'AVAILABLE','Economy',NULL,'19E',19),(474,'AVAILABLE','Economy',NULL,'19F',19),(475,'AVAILABLE','Economy',NULL,'20A',19),(476,'AVAILABLE','Economy',NULL,'20B',19),(477,'AVAILABLE','Economy',NULL,'20C',19),(478,'AVAILABLE','Economy',NULL,'20D',19),(479,'AVAILABLE','Economy',NULL,'20E',19),(480,'AVAILABLE','Economy',NULL,'20F',19),(481,'AVAILABLE','Economy',NULL,'1A',20),(482,'AVAILABLE','Economy',NULL,'1B',20),(483,'AVAILABLE','Economy',NULL,'1C',20),(484,'AVAILABLE','Economy',NULL,'1D',20),(485,'AVAILABLE','Economy',NULL,'1E',20),(486,'AVAILABLE','Economy',NULL,'1F',20),(487,'AVAILABLE','Economy',NULL,'2A',20),(488,'AVAILABLE','Economy',NULL,'2B',20),(489,'AVAILABLE','Economy',NULL,'2C',20),(490,'AVAILABLE','Economy',NULL,'2D',20),(491,'AVAILABLE','Economy',NULL,'2E',20),(492,'AVAILABLE','Economy',NULL,'2F',20),(493,'AVAILABLE','Economy',NULL,'3A',20),(494,'AVAILABLE','Economy',NULL,'3B',20),(495,'AVAILABLE','Economy',NULL,'3C',20),(496,'AVAILABLE','Economy',NULL,'3D',20),(497,'AVAILABLE','Economy',NULL,'3E',20),(498,'AVAILABLE','Economy',NULL,'3F',20),(499,'AVAILABLE','Economy',NULL,'4A',20),(500,'AVAILABLE','Economy',NULL,'4B',20),(501,'AVAILABLE','Economy',NULL,'4C',20),(502,'AVAILABLE','Economy',NULL,'4D',20),(503,'AVAILABLE','Economy',NULL,'4E',20),(504,'AVAILABLE','Economy',NULL,'4F',20),(505,'AVAILABLE','Economy',NULL,'5A',20),(506,'AVAILABLE','Economy',NULL,'5B',20),(507,'AVAILABLE','Economy',NULL,'5C',20),(508,'AVAILABLE','Economy',NULL,'5D',20),(509,'AVAILABLE','Economy',NULL,'5E',20),(510,'AVAILABLE','Economy',NULL,'5F',20),(511,'AVAILABLE','Economy',NULL,'6A',20),(512,'AVAILABLE','Economy',NULL,'6B',20),(513,'AVAILABLE','Economy',NULL,'6C',20),(514,'AVAILABLE','Economy',NULL,'6D',20),(515,'AVAILABLE','Economy',NULL,'6E',20),(516,'AVAILABLE','Economy',NULL,'6F',20),(517,'AVAILABLE','Economy',NULL,'7A',20),(518,'AVAILABLE','Economy',NULL,'7B',20),(519,'AVAILABLE','Economy',NULL,'7C',20),(520,'AVAILABLE','Economy',NULL,'7D',20),(521,'AVAILABLE','Economy',NULL,'7E',20),(522,'AVAILABLE','Economy',NULL,'7F',20),(523,'AVAILABLE','Economy',NULL,'8A',20),(524,'AVAILABLE','Economy',NULL,'8B',20),(525,'AVAILABLE','Economy',NULL,'8C',20),(526,'AVAILABLE','Economy',NULL,'8D',20),(527,'AVAILABLE','Economy',NULL,'8E',20),(528,'AVAILABLE','Economy',NULL,'8F',20),(529,'AVAILABLE','Economy',NULL,'9A',20),(530,'AVAILABLE','Economy',NULL,'9B',20),(531,'AVAILABLE','Economy',NULL,'9C',20),(532,'AVAILABLE','Economy',NULL,'9D',20),(533,'AVAILABLE','Economy',NULL,'9E',20),(534,'AVAILABLE','Economy',NULL,'9F',20),(535,'AVAILABLE','Economy',NULL,'10A',20),(536,'AVAILABLE','Economy',NULL,'10B',20),(537,'AVAILABLE','Economy',NULL,'10C',20),(538,'AVAILABLE','Economy',NULL,'10D',20),(539,'AVAILABLE','Economy',NULL,'10E',20),(540,'AVAILABLE','Economy',NULL,'10F',20),(541,'AVAILABLE','Economy',NULL,'11A',20),(542,'AVAILABLE','Economy',NULL,'11B',20),(543,'AVAILABLE','Economy',NULL,'11C',20),(544,'AVAILABLE','Economy',NULL,'11D',20),(545,'AVAILABLE','Economy',NULL,'11E',20),(546,'AVAILABLE','Economy',NULL,'11F',20),(547,'AVAILABLE','Economy',NULL,'12A',20),(548,'AVAILABLE','Economy',NULL,'12B',20),(549,'AVAILABLE','Economy',NULL,'12C',20),(550,'AVAILABLE','Economy',NULL,'12D',20),(551,'AVAILABLE','Economy',NULL,'12E',20),(552,'AVAILABLE','Economy',NULL,'12F',20),(553,'AVAILABLE','Economy',NULL,'13A',20),(554,'AVAILABLE','Economy',NULL,'13B',20),(555,'AVAILABLE','Economy',NULL,'13C',20),(556,'AVAILABLE','Economy',NULL,'13D',20),(557,'AVAILABLE','Economy',NULL,'13E',20),(558,'AVAILABLE','Economy',NULL,'13F',20),(559,'AVAILABLE','Economy',NULL,'14A',20),(560,'AVAILABLE','Economy',NULL,'14B',20),(561,'AVAILABLE','Economy',NULL,'14C',20),(562,'AVAILABLE','Economy',NULL,'14D',20),(563,'AVAILABLE','Economy',NULL,'14E',20),(564,'AVAILABLE','Economy',NULL,'14F',20),(565,'AVAILABLE','Economy',NULL,'15A',20),(566,'AVAILABLE','Economy',NULL,'15B',20),(567,'AVAILABLE','Economy',NULL,'15C',20),(568,'AVAILABLE','Economy',NULL,'15D',20),(569,'AVAILABLE','Economy',NULL,'15E',20),(570,'AVAILABLE','Economy',NULL,'15F',20),(571,'AVAILABLE','Economy',NULL,'16A',20),(572,'AVAILABLE','Economy',NULL,'16B',20),(573,'AVAILABLE','Economy',NULL,'16C',20),(574,'AVAILABLE','Economy',NULL,'16D',20),(575,'AVAILABLE','Economy',NULL,'16E',20),(576,'AVAILABLE','Economy',NULL,'16F',20),(577,'AVAILABLE','Economy',NULL,'17A',20),(578,'AVAILABLE','Economy',NULL,'17B',20),(579,'AVAILABLE','Economy',NULL,'17C',20),(580,'AVAILABLE','Economy',NULL,'17D',20),(581,'AVAILABLE','Economy',NULL,'17E',20),(582,'AVAILABLE','Economy',NULL,'17F',20),(583,'AVAILABLE','Economy',NULL,'18A',20),(584,'AVAILABLE','Economy',NULL,'18B',20),(585,'AVAILABLE','Economy',NULL,'18C',20),(586,'AVAILABLE','Economy',NULL,'18D',20),(587,'AVAILABLE','Economy',NULL,'18E',20),(588,'AVAILABLE','Economy',NULL,'18F',20),(589,'AVAILABLE','Economy',NULL,'19A',20),(590,'AVAILABLE','Economy',NULL,'19B',20),(591,'AVAILABLE','Economy',NULL,'19C',20),(592,'AVAILABLE','Economy',NULL,'19D',20),(593,'AVAILABLE','Economy',NULL,'19E',20),(594,'AVAILABLE','Economy',NULL,'19F',20),(595,'AVAILABLE','Economy',NULL,'20A',20),(596,'AVAILABLE','Economy',NULL,'20B',20),(597,'AVAILABLE','Economy',NULL,'20C',20),(598,'AVAILABLE','Economy',NULL,'20D',20),(599,'AVAILABLE','Economy',NULL,'20E',20),(600,'AVAILABLE','Economy',NULL,'20F',20),(2401,'BOOKED10','Economy','2024-09-17 23:15:43.341000','1A',1),(2402,'BOOKED10','Economy','2024-09-17 23:15:43.341000','1B',1),(2403,'AVAILABLE','Economy',NULL,'1C',1),(2404,'AVAILABLE','Economy',NULL,'1D',1),(2405,'AVAILABLE','Economy',NULL,'1E',1),(2406,'AVAILABLE','Economy',NULL,'1F',1),(2407,'BOOKED10','Economy','2024-09-17 23:15:56.146320','2A',1),(2408,'BOOKED10','Economy','2024-09-17 23:15:56.146320','2B',1),(2409,'AVAILABLE','Economy',NULL,'2C',1),(2410,'AVAILABLE','Economy',NULL,'2D',1),(2411,'AVAILABLE','Economy',NULL,'2E',1),(2412,'AVAILABLE','Economy',NULL,'2F',1),(2413,'AVAILABLE','Economy',NULL,'3A',1),(2414,'AVAILABLE','Economy',NULL,'3B',1),(2415,'AVAILABLE','Economy',NULL,'3C',1),(2416,'AVAILABLE','Economy',NULL,'3D',1),(2417,'AVAILABLE','Economy',NULL,'3E',1),(2418,'AVAILABLE','Economy',NULL,'3F',1),(2419,'AVAILABLE','Economy',NULL,'4A',1),(2420,'AVAILABLE','Economy',NULL,'4B',1),(2421,'AVAILABLE','Economy',NULL,'4C',1),(2422,'AVAILABLE','Economy',NULL,'4D',1),(2423,'AVAILABLE','Economy',NULL,'4E',1),(2424,'AVAILABLE','Economy',NULL,'4F',1),(2425,'AVAILABLE','Economy',NULL,'5A',1),(2426,'AVAILABLE','Economy',NULL,'5B',1),(2427,'AVAILABLE','Economy',NULL,'5C',1),(2428,'AVAILABLE','Economy',NULL,'5D',1),(2429,'AVAILABLE','Economy',NULL,'5E',1),(2430,'AVAILABLE','Economy',NULL,'5F',1),(2431,'AVAILABLE','Economy',NULL,'6A',1),(2432,'AVAILABLE','Economy',NULL,'6B',1),(2433,'AVAILABLE','Economy',NULL,'6C',1),(2434,'AVAILABLE','Economy',NULL,'6D',1),(2435,'AVAILABLE','Economy',NULL,'6E',1),(2436,'AVAILABLE','Economy',NULL,'6F',1),(2437,'AVAILABLE','Economy',NULL,'7A',1),(2438,'AVAILABLE','Economy',NULL,'7B',1),(2439,'AVAILABLE','Economy',NULL,'7C',1),(2440,'AVAILABLE','Economy',NULL,'7D',1),(2441,'AVAILABLE','Economy',NULL,'7E',1),(2442,'AVAILABLE','Economy',NULL,'7F',1),(2443,'AVAILABLE','Economy',NULL,'8A',1),(2444,'AVAILABLE','Economy',NULL,'8B',1),(2445,'AVAILABLE','Economy',NULL,'8C',1),(2446,'AVAILABLE','Economy',NULL,'8D',1),(2447,'AVAILABLE','Economy',NULL,'8E',1),(2448,'AVAILABLE','Economy',NULL,'8F',1),(2449,'AVAILABLE','Economy',NULL,'9A',1),(2450,'AVAILABLE','Economy',NULL,'9B',1),(2451,'AVAILABLE','Economy',NULL,'9C',1),(2452,'AVAILABLE','Economy',NULL,'9D',1),(2453,'AVAILABLE','Economy',NULL,'9E',1),(2454,'AVAILABLE','Economy',NULL,'9F',1),(2455,'AVAILABLE','Economy',NULL,'10A',1),(2456,'AVAILABLE','Economy',NULL,'10B',1),(2457,'AVAILABLE','Economy',NULL,'10C',1),(2458,'AVAILABLE','Economy',NULL,'10D',1),(2459,'AVAILABLE','Economy',NULL,'10E',1),(2460,'AVAILABLE','Economy',NULL,'10F',1),(2461,'AVAILABLE','Economy',NULL,'11A',1),(2462,'AVAILABLE','Economy',NULL,'11B',1),(2463,'AVAILABLE','Economy',NULL,'11C',1),(2464,'AVAILABLE','Economy',NULL,'11D',1),(2465,'AVAILABLE','Economy',NULL,'11E',1),(2466,'AVAILABLE','Economy',NULL,'11F',1),(2467,'AVAILABLE','Economy',NULL,'12A',1),(2468,'AVAILABLE','Economy',NULL,'12B',1),(2469,'AVAILABLE','Economy',NULL,'12C',1),(2470,'AVAILABLE','Economy',NULL,'12D',1),(2471,'AVAILABLE','Economy',NULL,'12E',1),(2472,'AVAILABLE','Economy',NULL,'12F',1),(2473,'AVAILABLE','Economy',NULL,'13A',1),(2474,'AVAILABLE','Economy',NULL,'13B',1),(2475,'AVAILABLE','Economy',NULL,'13C',1),(2476,'AVAILABLE','Economy',NULL,'13D',1),(2477,'AVAILABLE','Economy',NULL,'13E',1),(2478,'AVAILABLE','Economy',NULL,'13F',1),(2479,'AVAILABLE','Economy',NULL,'14A',1),(2480,'AVAILABLE','Economy',NULL,'14B',1),(2481,'AVAILABLE','Economy',NULL,'14C',1),(2482,'AVAILABLE','Economy',NULL,'14D',1),(2483,'AVAILABLE','Economy',NULL,'14E',1),(2484,'AVAILABLE','Economy',NULL,'14F',1),(2485,'AVAILABLE','Economy',NULL,'15A',1),(2486,'AVAILABLE','Economy',NULL,'15B',1),(2487,'AVAILABLE','Economy',NULL,'15C',1),(2488,'AVAILABLE','Economy',NULL,'15D',1),(2489,'AVAILABLE','Economy',NULL,'15E',1),(2490,'AVAILABLE','Economy',NULL,'15F',1),(2491,'AVAILABLE','Economy',NULL,'16A',1),(2492,'AVAILABLE','Economy',NULL,'16B',1),(2493,'AVAILABLE','Economy',NULL,'16C',1),(2494,'AVAILABLE','Economy',NULL,'16D',1),(2495,'AVAILABLE','Economy',NULL,'16E',1),(2496,'AVAILABLE','Economy',NULL,'16F',1),(2497,'AVAILABLE','Economy',NULL,'17A',1),(2498,'AVAILABLE','Economy',NULL,'17B',1),(2499,'AVAILABLE','Economy',NULL,'17C',1),(2500,'AVAILABLE','Economy',NULL,'17D',1),(2501,'AVAILABLE','Economy',NULL,'17E',1),(2502,'AVAILABLE','Economy',NULL,'17F',1),(2503,'AVAILABLE','Economy',NULL,'18A',1),(2504,'AVAILABLE','Economy',NULL,'18B',1),(2505,'AVAILABLE','Economy',NULL,'18C',1),(2506,'AVAILABLE','Economy',NULL,'18D',1),(2507,'AVAILABLE','Economy',NULL,'18E',1),(2508,'AVAILABLE','Economy',NULL,'18F',1),(2509,'AVAILABLE','Economy',NULL,'19A',1),(2510,'AVAILABLE','Economy',NULL,'19B',1),(2511,'AVAILABLE','Economy',NULL,'19C',1),(2512,'AVAILABLE','Economy',NULL,'19D',1),(2513,'AVAILABLE','Economy',NULL,'19E',1),(2514,'AVAILABLE','Economy',NULL,'19F',1),(2515,'AVAILABLE','Economy',NULL,'20A',1),(2516,'AVAILABLE','Economy',NULL,'20B',1),(2517,'AVAILABLE','Economy',NULL,'20C',1),(2518,'AVAILABLE','Economy',NULL,'20D',1),(2519,'AVAILABLE','Economy',NULL,'20E',1),(2520,'AVAILABLE','Economy',NULL,'20F',1),(2521,'AVAILABLE','Economy',NULL,'1A',2),(2522,'AVAILABLE','Economy',NULL,'1B',2),(2523,'AVAILABLE','Economy',NULL,'1C',2),(2524,'AVAILABLE','Economy',NULL,'1D',2),(2525,'AVAILABLE','Economy',NULL,'1E',2),(2526,'AVAILABLE','Economy',NULL,'1F',2),(2527,'AVAILABLE','Economy',NULL,'2A',2),(2528,'AVAILABLE','Economy',NULL,'2B',2),(2529,'AVAILABLE','Economy',NULL,'2C',2),(2530,'AVAILABLE','Economy',NULL,'2D',2),(2531,'AVAILABLE','Economy',NULL,'2E',2),(2532,'AVAILABLE','Economy',NULL,'2F',2),(2533,'AVAILABLE','Economy',NULL,'3A',2),(2534,'AVAILABLE','Economy',NULL,'3B',2),(2535,'AVAILABLE','Economy',NULL,'3C',2),(2536,'AVAILABLE','Economy',NULL,'3D',2),(2537,'AVAILABLE','Economy',NULL,'3E',2),(2538,'AVAILABLE','Economy',NULL,'3F',2),(2539,'AVAILABLE','Economy',NULL,'4A',2),(2540,'AVAILABLE','Economy',NULL,'4B',2),(2541,'AVAILABLE','Economy',NULL,'4C',2),(2542,'AVAILABLE','Economy',NULL,'4D',2),(2543,'AVAILABLE','Economy',NULL,'4E',2),(2544,'AVAILABLE','Economy',NULL,'4F',2),(2545,'AVAILABLE','Economy',NULL,'5A',2),(2546,'AVAILABLE','Economy',NULL,'5B',2),(2547,'AVAILABLE','Economy',NULL,'5C',2),(2548,'AVAILABLE','Economy',NULL,'5D',2),(2549,'AVAILABLE','Economy',NULL,'5E',2),(2550,'AVAILABLE','Economy',NULL,'5F',2),(2551,'AVAILABLE','Economy',NULL,'6A',2),(2552,'AVAILABLE','Economy',NULL,'6B',2),(2553,'AVAILABLE','Economy',NULL,'6C',2),(2554,'AVAILABLE','Economy',NULL,'6D',2),(2555,'AVAILABLE','Economy',NULL,'6E',2),(2556,'AVAILABLE','Economy',NULL,'6F',2),(2557,'AVAILABLE','Economy',NULL,'7A',2),(2558,'AVAILABLE','Economy',NULL,'7B',2),(2559,'AVAILABLE','Economy',NULL,'7C',2),(2560,'AVAILABLE','Economy',NULL,'7D',2),(2561,'AVAILABLE','Economy',NULL,'7E',2),(2562,'AVAILABLE','Economy',NULL,'7F',2),(2563,'AVAILABLE','Economy',NULL,'8A',2),(2564,'AVAILABLE','Economy',NULL,'8B',2),(2565,'AVAILABLE','Economy',NULL,'8C',2),(2566,'AVAILABLE','Economy',NULL,'8D',2),(2567,'AVAILABLE','Economy',NULL,'8E',2),(2568,'AVAILABLE','Economy',NULL,'8F',2),(2569,'AVAILABLE','Economy',NULL,'9A',2),(2570,'AVAILABLE','Economy',NULL,'9B',2),(2571,'AVAILABLE','Economy',NULL,'9C',2),(2572,'AVAILABLE','Economy',NULL,'9D',2),(2573,'AVAILABLE','Economy',NULL,'9E',2),(2574,'AVAILABLE','Economy',NULL,'9F',2),(2575,'AVAILABLE','Economy',NULL,'10A',2),(2576,'AVAILABLE','Economy',NULL,'10B',2),(2577,'AVAILABLE','Economy',NULL,'10C',2),(2578,'AVAILABLE','Economy',NULL,'10D',2),(2579,'AVAILABLE','Economy',NULL,'10E',2),(2580,'AVAILABLE','Economy',NULL,'10F',2),(2581,'AVAILABLE','Economy',NULL,'11A',2),(2582,'AVAILABLE','Economy',NULL,'11B',2),(2583,'AVAILABLE','Economy',NULL,'11C',2),(2584,'AVAILABLE','Economy',NULL,'11D',2),(2585,'AVAILABLE','Economy',NULL,'11E',2),(2586,'AVAILABLE','Economy',NULL,'11F',2),(2587,'AVAILABLE','Economy',NULL,'12A',2),(2588,'AVAILABLE','Economy',NULL,'12B',2),(2589,'AVAILABLE','Economy',NULL,'12C',2),(2590,'AVAILABLE','Economy',NULL,'12D',2),(2591,'AVAILABLE','Economy',NULL,'12E',2),(2592,'AVAILABLE','Economy',NULL,'12F',2),(2593,'AVAILABLE','Economy',NULL,'13A',2),(2594,'AVAILABLE','Economy',NULL,'13B',2),(2595,'AVAILABLE','Economy',NULL,'13C',2),(2596,'AVAILABLE','Economy',NULL,'13D',2),(2597,'AVAILABLE','Economy',NULL,'13E',2),(2598,'AVAILABLE','Economy',NULL,'13F',2),(2599,'AVAILABLE','Economy',NULL,'14A',2),(2600,'AVAILABLE','Economy',NULL,'14B',2),(2601,'AVAILABLE','Economy',NULL,'14C',2),(2602,'AVAILABLE','Economy',NULL,'14D',2),(2603,'AVAILABLE','Economy',NULL,'14E',2),(2604,'AVAILABLE','Economy',NULL,'14F',2),(2605,'AVAILABLE','Economy',NULL,'15A',2),(2606,'AVAILABLE','Economy',NULL,'15B',2),(2607,'AVAILABLE','Economy',NULL,'15C',2),(2608,'AVAILABLE','Economy',NULL,'15D',2),(2609,'AVAILABLE','Economy',NULL,'15E',2),(2610,'AVAILABLE','Economy',NULL,'15F',2),(2611,'AVAILABLE','Economy',NULL,'16A',2),(2612,'AVAILABLE','Economy',NULL,'16B',2),(2613,'AVAILABLE','Economy',NULL,'16C',2),(2614,'AVAILABLE','Economy',NULL,'16D',2),(2615,'AVAILABLE','Economy',NULL,'16E',2),(2616,'AVAILABLE','Economy',NULL,'16F',2),(2617,'AVAILABLE','Economy',NULL,'17A',2),(2618,'AVAILABLE','Economy',NULL,'17B',2),(2619,'AVAILABLE','Economy',NULL,'17C',2),(2620,'AVAILABLE','Economy',NULL,'17D',2),(2621,'AVAILABLE','Economy',NULL,'17E',2),(2622,'AVAILABLE','Economy',NULL,'17F',2),(2623,'AVAILABLE','Economy',NULL,'18A',2),(2624,'AVAILABLE','Economy',NULL,'18B',2),(2625,'AVAILABLE','Economy',NULL,'18C',2),(2626,'AVAILABLE','Economy',NULL,'18D',2),(2627,'AVAILABLE','Economy',NULL,'18E',2),(2628,'AVAILABLE','Economy',NULL,'18F',2),(2629,'AVAILABLE','Economy',NULL,'19A',2),(2630,'AVAILABLE','Economy',NULL,'19B',2),(2631,'AVAILABLE','Economy',NULL,'19C',2),(2632,'AVAILABLE','Economy',NULL,'19D',2),(2633,'AVAILABLE','Economy',NULL,'19E',2),(2634,'AVAILABLE','Economy',NULL,'19F',2),(2635,'AVAILABLE','Economy',NULL,'20A',2),(2636,'AVAILABLE','Economy',NULL,'20B',2),(2637,'AVAILABLE','Economy',NULL,'20C',2),(2638,'AVAILABLE','Economy',NULL,'20D',2),(2639,'AVAILABLE','Economy',NULL,'20E',2),(2640,'AVAILABLE','Economy',NULL,'20F',2),(2641,'AVAILABLE','Economy',NULL,'1A',3),(2642,'AVAILABLE','Economy',NULL,'1B',3),(2643,'AVAILABLE','Economy',NULL,'1C',3),(2644,'AVAILABLE','Economy',NULL,'1D',3),(2645,'AVAILABLE','Economy',NULL,'1E',3),(2646,'AVAILABLE','Economy',NULL,'1F',3),(2647,'unavailable','Economy','2024-08-20 14:18:55.680525','2A',3),(2648,'unavailable','Economy','2024-08-20 14:18:55.680525','2B',3),(2649,'unavailable','Economy','2024-08-20 14:18:55.680525','2C',3),(2650,'AVAILABLE','Economy',NULL,'2D',3),(2651,'AVAILABLE','Economy',NULL,'2E',3),(2652,'AVAILABLE','Economy',NULL,'2F',3),(2653,'AVAILABLE','Economy',NULL,'3A',3),(2654,'AVAILABLE','Economy',NULL,'3B',3),(2655,'AVAILABLE','Economy',NULL,'3C',3),(2656,'AVAILABLE','Economy',NULL,'3D',3),(2657,'AVAILABLE','Economy',NULL,'3E',3),(2658,'AVAILABLE','Economy',NULL,'3F',3),(2659,'AVAILABLE','Economy',NULL,'4A',3),(2660,'AVAILABLE','Economy',NULL,'4B',3),(2661,'AVAILABLE','Economy',NULL,'4C',3),(2662,'AVAILABLE','Economy',NULL,'4D',3),(2663,'AVAILABLE','Economy',NULL,'4E',3),(2664,'AVAILABLE','Economy',NULL,'4F',3),(2665,'AVAILABLE','Economy',NULL,'5A',3),(2666,'AVAILABLE','Economy',NULL,'5B',3),(2667,'AVAILABLE','Economy',NULL,'5C',3),(2668,'AVAILABLE','Economy',NULL,'5D',3),(2669,'AVAILABLE','Economy',NULL,'5E',3),(2670,'AVAILABLE','Economy',NULL,'5F',3),(2671,'AVAILABLE','Economy',NULL,'6A',3),(2672,'AVAILABLE','Economy',NULL,'6B',3),(2673,'AVAILABLE','Economy',NULL,'6C',3),(2674,'AVAILABLE','Economy',NULL,'6D',3),(2675,'AVAILABLE','Economy',NULL,'6E',3),(2676,'AVAILABLE','Economy',NULL,'6F',3),(2677,'AVAILABLE','Economy',NULL,'7A',3),(2678,'AVAILABLE','Economy',NULL,'7B',3),(2679,'AVAILABLE','Economy',NULL,'7C',3),(2680,'AVAILABLE','Economy',NULL,'7D',3),(2681,'AVAILABLE','Economy',NULL,'7E',3),(2682,'AVAILABLE','Economy',NULL,'7F',3),(2683,'AVAILABLE','Economy',NULL,'8A',3),(2684,'AVAILABLE','Economy',NULL,'8B',3),(2685,'AVAILABLE','Economy',NULL,'8C',3),(2686,'AVAILABLE','Economy',NULL,'8D',3),(2687,'AVAILABLE','Economy',NULL,'8E',3),(2688,'AVAILABLE','Economy',NULL,'8F',3),(2689,'AVAILABLE','Economy',NULL,'9A',3),(2690,'AVAILABLE','Economy',NULL,'9B',3),(2691,'AVAILABLE','Economy',NULL,'9C',3),(2692,'AVAILABLE','Economy',NULL,'9D',3),(2693,'AVAILABLE','Economy',NULL,'9E',3),(2694,'AVAILABLE','Economy',NULL,'9F',3),(2695,'AVAILABLE','Economy',NULL,'10A',3),(2696,'AVAILABLE','Economy',NULL,'10B',3),(2697,'AVAILABLE','Economy',NULL,'10C',3),(2698,'AVAILABLE','Economy',NULL,'10D',3),(2699,'AVAILABLE','Economy',NULL,'10E',3),(2700,'AVAILABLE','Economy',NULL,'10F',3),(2701,'AVAILABLE','Economy',NULL,'11A',3),(2702,'AVAILABLE','Economy',NULL,'11B',3),(2703,'AVAILABLE','Economy',NULL,'11C',3),(2704,'AVAILABLE','Economy',NULL,'11D',3),(2705,'AVAILABLE','Economy',NULL,'11E',3),(2706,'AVAILABLE','Economy',NULL,'11F',3),(2707,'AVAILABLE','Economy',NULL,'12A',3),(2708,'AVAILABLE','Economy',NULL,'12B',3),(2709,'AVAILABLE','Economy',NULL,'12C',3),(2710,'AVAILABLE','Economy',NULL,'12D',3),(2711,'AVAILABLE','Economy',NULL,'12E',3),(2712,'AVAILABLE','Economy',NULL,'12F',3),(2713,'AVAILABLE','Economy',NULL,'13A',3),(2714,'AVAILABLE','Economy',NULL,'13B',3),(2715,'AVAILABLE','Economy',NULL,'13C',3),(2716,'AVAILABLE','Economy',NULL,'13D',3),(2717,'AVAILABLE','Economy',NULL,'13E',3),(2718,'AVAILABLE','Economy',NULL,'13F',3),(2719,'AVAILABLE','Economy',NULL,'14A',3),(2720,'AVAILABLE','Economy',NULL,'14B',3),(2721,'AVAILABLE','Economy',NULL,'14C',3),(2722,'AVAILABLE','Economy',NULL,'14D',3),(2723,'AVAILABLE','Economy',NULL,'14E',3),(2724,'AVAILABLE','Economy',NULL,'14F',3),(2725,'AVAILABLE','Economy',NULL,'15A',3),(2726,'AVAILABLE','Economy',NULL,'15B',3),(2727,'AVAILABLE','Economy',NULL,'15C',3),(2728,'AVAILABLE','Economy',NULL,'15D',3),(2729,'AVAILABLE','Economy',NULL,'15E',3),(2730,'AVAILABLE','Economy',NULL,'15F',3),(2731,'AVAILABLE','Economy',NULL,'16A',3),(2732,'AVAILABLE','Economy',NULL,'16B',3),(2733,'AVAILABLE','Economy',NULL,'16C',3),(2734,'AVAILABLE','Economy',NULL,'16D',3),(2735,'AVAILABLE','Economy',NULL,'16E',3),(2736,'AVAILABLE','Economy',NULL,'16F',3),(2737,'AVAILABLE','Economy',NULL,'17A',3),(2738,'AVAILABLE','Economy',NULL,'17B',3),(2739,'AVAILABLE','Economy',NULL,'17C',3),(2740,'AVAILABLE','Economy',NULL,'17D',3),(2741,'AVAILABLE','Economy',NULL,'17E',3),(2742,'AVAILABLE','Economy',NULL,'17F',3),(2743,'AVAILABLE','Economy',NULL,'18A',3),(2744,'AVAILABLE','Economy',NULL,'18B',3),(2745,'AVAILABLE','Economy',NULL,'18C',3),(2746,'AVAILABLE','Economy',NULL,'18D',3),(2747,'AVAILABLE','Economy',NULL,'18E',3),(2748,'AVAILABLE','Economy',NULL,'18F',3),(2749,'AVAILABLE','Economy',NULL,'19A',3),(2750,'AVAILABLE','Economy',NULL,'19B',3),(2751,'AVAILABLE','Economy',NULL,'19C',3),(2752,'AVAILABLE','Economy',NULL,'19D',3),(2753,'AVAILABLE','Economy',NULL,'19E',3),(2754,'AVAILABLE','Economy',NULL,'19F',3),(2755,'AVAILABLE','Economy',NULL,'20A',3),(2756,'AVAILABLE','Economy',NULL,'20B',3),(2757,'AVAILABLE','Economy',NULL,'20C',3),(2758,'AVAILABLE','Economy',NULL,'20D',3),(2759,'AVAILABLE','Economy',NULL,'20E',3),(2760,'AVAILABLE','Economy',NULL,'20F',3),(2761,'AVAILABLE','Economy',NULL,'1A',4),(2762,'AVAILABLE','Economy',NULL,'1B',4),(2763,'AVAILABLE','Economy',NULL,'1C',4),(2764,'AVAILABLE','Economy',NULL,'1D',4),(2765,'AVAILABLE','Economy',NULL,'1E',4),(2766,'AVAILABLE','Economy',NULL,'1F',4),(2767,'AVAILABLE','Economy',NULL,'2A',4),(2768,'AVAILABLE','Economy',NULL,'2B',4),(2769,'AVAILABLE','Economy',NULL,'2C',4),(2770,'AVAILABLE','Economy',NULL,'2D',4),(2771,'AVAILABLE','Economy',NULL,'2E',4),(2772,'AVAILABLE','Economy',NULL,'2F',4),(2773,'AVAILABLE','Economy',NULL,'3A',4),(2774,'AVAILABLE','Economy',NULL,'3B',4),(2775,'AVAILABLE','Economy',NULL,'3C',4),(2776,'AVAILABLE','Economy',NULL,'3D',4),(2777,'AVAILABLE','Economy',NULL,'3E',4),(2778,'AVAILABLE','Economy',NULL,'3F',4),(2779,'AVAILABLE','Economy',NULL,'4A',4),(2780,'AVAILABLE','Economy',NULL,'4B',4),(2781,'AVAILABLE','Economy',NULL,'4C',4),(2782,'AVAILABLE','Economy',NULL,'4D',4),(2783,'AVAILABLE','Economy',NULL,'4E',4),(2784,'unavailable','Economy','2024-08-22 18:52:57.617310','4F',4),(2785,'AVAILABLE','Economy',NULL,'5A',4),(2786,'AVAILABLE','Economy',NULL,'5B',4),(2787,'AVAILABLE','Economy',NULL,'5C',4),(2788,'AVAILABLE','Economy',NULL,'5D',4),(2789,'AVAILABLE','Economy',NULL,'5E',4),(2790,'BOOKED1','Economy',NULL,'5F',4),(2791,'AVAILABLE','Economy',NULL,'6A',4),(2792,'AVAILABLE','Economy',NULL,'6B',4),(2793,'AVAILABLE','Economy',NULL,'6C',4),(2794,'AVAILABLE','Economy',NULL,'6D',4),(2795,'AVAILABLE','Economy',NULL,'6E',4),(2796,'AVAILABLE','Economy',NULL,'6F',4),(2797,'AVAILABLE','Economy',NULL,'7A',4),(2798,'AVAILABLE','Economy',NULL,'7B',4),(2799,'AVAILABLE','Economy',NULL,'7C',4),(2800,'AVAILABLE','Economy',NULL,'7D',4),(2801,'AVAILABLE','Economy',NULL,'7E',4),(2802,'AVAILABLE','Economy',NULL,'7F',4),(2803,'AVAILABLE','Economy',NULL,'8A',4),(2804,'AVAILABLE','Economy',NULL,'8B',4),(2805,'AVAILABLE','Economy',NULL,'8C',4),(2806,'AVAILABLE','Economy',NULL,'8D',4),(2807,'AVAILABLE','Economy',NULL,'8E',4),(2808,'AVAILABLE','Economy',NULL,'8F',4),(2809,'AVAILABLE','Economy',NULL,'9A',4),(2810,'AVAILABLE','Economy',NULL,'9B',4),(2811,'AVAILABLE','Economy',NULL,'9C',4),(2812,'AVAILABLE','Economy',NULL,'9D',4),(2813,'AVAILABLE','Economy',NULL,'9E',4),(2814,'AVAILABLE','Economy',NULL,'9F',4),(2815,'AVAILABLE','Economy',NULL,'10A',4),(2816,'AVAILABLE','Economy',NULL,'10B',4),(2817,'AVAILABLE','Economy',NULL,'10C',4),(2818,'AVAILABLE','Economy',NULL,'10D',4),(2819,'AVAILABLE','Economy',NULL,'10E',4),(2820,'AVAILABLE','Economy',NULL,'10F',4),(2821,'AVAILABLE','Economy',NULL,'11A',4),(2822,'AVAILABLE','Economy',NULL,'11B',4),(2823,'AVAILABLE','Economy',NULL,'11C',4),(2824,'AVAILABLE','Economy',NULL,'11D',4),(2825,'AVAILABLE','Economy',NULL,'11E',4),(2826,'available','Economy',NULL,'11F',4),(2827,'AVAILABLE','Economy',NULL,'12A',4),(2828,'AVAILABLE','Economy',NULL,'12B',4),(2829,'AVAILABLE','Economy',NULL,'12C',4),(2830,'AVAILABLE','Economy',NULL,'12D',4),(2831,'AVAILABLE','Economy',NULL,'12E',4),(2832,'AVAILABLE','Economy',NULL,'12F',4),(2833,'AVAILABLE','Economy',NULL,'13A',4),(2834,'AVAILABLE','Economy',NULL,'13B',4),(2835,'AVAILABLE','Economy',NULL,'13C',4),(2836,'AVAILABLE','Economy',NULL,'13D',4),(2837,'AVAILABLE','Economy',NULL,'13E',4),(2838,'AVAILABLE','Economy',NULL,'13F',4),(2839,'AVAILABLE','Economy',NULL,'14A',4),(2840,'AVAILABLE','Economy',NULL,'14B',4),(2841,'AVAILABLE','Economy',NULL,'14C',4),(2842,'AVAILABLE','Economy',NULL,'14D',4),(2843,'AVAILABLE','Economy',NULL,'14E',4),(2844,'AVAILABLE','Economy',NULL,'14F',4),(2845,'AVAILABLE','Economy',NULL,'15A',4),(2846,'AVAILABLE','Economy',NULL,'15B',4),(2847,'AVAILABLE','Economy',NULL,'15C',4),(2848,'AVAILABLE','Economy',NULL,'15D',4),(2849,'AVAILABLE','Economy',NULL,'15E',4),(2850,'AVAILABLE','Economy',NULL,'15F',4),(2851,'AVAILABLE','Economy',NULL,'16A',4),(2852,'AVAILABLE','Economy',NULL,'16B',4),(2853,'AVAILABLE','Economy',NULL,'16C',4),(2854,'AVAILABLE','Economy',NULL,'16D',4),(2855,'AVAILABLE','Economy',NULL,'16E',4),(2856,'AVAILABLE','Economy',NULL,'16F',4),(2857,'AVAILABLE','Economy',NULL,'17A',4),(2858,'AVAILABLE','Economy',NULL,'17B',4),(2859,'AVAILABLE','Economy',NULL,'17C',4),(2860,'AVAILABLE','Economy',NULL,'17D',4),(2861,'AVAILABLE','Economy',NULL,'17E',4),(2862,'AVAILABLE','Economy',NULL,'17F',4),(2863,'AVAILABLE','Economy',NULL,'18A',4),(2864,'AVAILABLE','Economy',NULL,'18B',4),(2865,'AVAILABLE','Economy',NULL,'18C',4),(2866,'AVAILABLE','Economy',NULL,'18D',4),(2867,'AVAILABLE','Economy',NULL,'18E',4),(2868,'AVAILABLE','Economy',NULL,'18F',4),(2869,'AVAILABLE','Economy',NULL,'19A',4),(2870,'AVAILABLE','Economy',NULL,'19B',4),(2871,'AVAILABLE','Economy',NULL,'19C',4),(2872,'AVAILABLE','Economy',NULL,'19D',4),(2873,'AVAILABLE','Economy',NULL,'19E',4),(2874,'AVAILABLE','Economy',NULL,'19F',4),(2875,'AVAILABLE','Economy',NULL,'20A',4),(2876,'AVAILABLE','Economy',NULL,'20B',4),(2877,'AVAILABLE','Economy',NULL,'20C',4),(2878,'AVAILABLE','Economy',NULL,'20D',4),(2879,'AVAILABLE','Economy',NULL,'20E',4),(2880,'AVAILABLE','Economy',NULL,'20F',4),(2881,'AVAILABLE','Economy',NULL,'1A',5),(2882,'AVAILABLE','Economy',NULL,'1B',5),(2883,'AVAILABLE','Economy',NULL,'1C',5),(2884,'AVAILABLE','Economy',NULL,'1D',5),(2885,'AVAILABLE','Economy',NULL,'1E',5),(2886,'AVAILABLE','Economy',NULL,'1F',5),(2887,'AVAILABLE','Economy',NULL,'2A',5),(2888,'AVAILABLE','Economy',NULL,'2B',5),(2889,'AVAILABLE','Economy',NULL,'2C',5),(2890,'AVAILABLE','Economy',NULL,'2D',5),(2891,'AVAILABLE','Economy',NULL,'2E',5),(2892,'AVAILABLE','Economy',NULL,'2F',5),(2893,'AVAILABLE','Economy',NULL,'3A',5),(2894,'AVAILABLE','Economy',NULL,'3B',5),(2895,'AVAILABLE','Economy',NULL,'3C',5),(2896,'AVAILABLE','Economy',NULL,'3D',5),(2897,'AVAILABLE','Economy',NULL,'3E',5),(2898,'AVAILABLE','Economy',NULL,'3F',5),(2899,'AVAILABLE','Economy',NULL,'4A',5),(2900,'AVAILABLE','Economy',NULL,'4B',5),(2901,'AVAILABLE','Economy',NULL,'4C',5),(2902,'AVAILABLE','Economy',NULL,'4D',5),(2903,'AVAILABLE','Economy',NULL,'4E',5),(2904,'AVAILABLE','Economy',NULL,'4F',5),(2905,'AVAILABLE','Economy',NULL,'5A',5),(2906,'AVAILABLE','Economy',NULL,'5B',5),(2907,'AVAILABLE','Economy',NULL,'5C',5),(2908,'AVAILABLE','Economy',NULL,'5D',5),(2909,'AVAILABLE','Economy',NULL,'5E',5),(2910,'unavailable','Economy','2024-08-23 14:52:18.437744','5F',5),(2911,'AVAILABLE','Economy',NULL,'6A',5),(2912,'AVAILABLE','Economy',NULL,'6B',5),(2913,'AVAILABLE','Economy',NULL,'6C',5),(2914,'AVAILABLE','Economy',NULL,'6D',5),(2915,'AVAILABLE','Economy',NULL,'6E',5),(2916,'AVAILABLE','Economy',NULL,'6F',5),(2917,'AVAILABLE','Economy',NULL,'7A',5),(2918,'AVAILABLE','Economy',NULL,'7B',5),(2919,'AVAILABLE','Economy',NULL,'7C',5),(2920,'AVAILABLE','Economy',NULL,'7D',5),(2921,'AVAILABLE','Economy',NULL,'7E',5),(2922,'AVAILABLE','Economy',NULL,'7F',5),(2923,'AVAILABLE','Economy',NULL,'8A',5),(2924,'AVAILABLE','Economy',NULL,'8B',5),(2925,'AVAILABLE','Economy',NULL,'8C',5),(2926,'AVAILABLE','Economy',NULL,'8D',5),(2927,'AVAILABLE','Economy',NULL,'8E',5),(2928,'AVAILABLE','Economy',NULL,'8F',5),(2929,'AVAILABLE','Economy',NULL,'9A',5),(2930,'AVAILABLE','Economy',NULL,'9B',5),(2931,'AVAILABLE','Economy',NULL,'9C',5),(2932,'AVAILABLE','Economy',NULL,'9D',5),(2933,'AVAILABLE','Economy',NULL,'9E',5),(2934,'AVAILABLE','Economy',NULL,'9F',5),(2935,'AVAILABLE','Economy',NULL,'10A',5),(2936,'AVAILABLE','Economy',NULL,'10B',5),(2937,'AVAILABLE','Economy',NULL,'10C',5),(2938,'AVAILABLE','Economy',NULL,'10D',5),(2939,'AVAILABLE','Economy',NULL,'10E',5),(2940,'AVAILABLE','Economy',NULL,'10F',5),(2941,'AVAILABLE','Economy',NULL,'11A',5),(2942,'AVAILABLE','Economy',NULL,'11B',5),(2943,'AVAILABLE','Economy',NULL,'11C',5),(2944,'AVAILABLE','Economy',NULL,'11D',5),(2945,'AVAILABLE','Economy',NULL,'11E',5),(2946,'AVAILABLE','Economy',NULL,'11F',5),(2947,'AVAILABLE','Economy',NULL,'12A',5),(2948,'AVAILABLE','Economy',NULL,'12B',5),(2949,'AVAILABLE','Economy',NULL,'12C',5),(2950,'AVAILABLE','Economy',NULL,'12D',5),(2951,'AVAILABLE','Economy',NULL,'12E',5),(2952,'AVAILABLE','Economy',NULL,'12F',5),(2953,'AVAILABLE','Economy',NULL,'13A',5),(2954,'AVAILABLE','Economy',NULL,'13B',5),(2955,'AVAILABLE','Economy',NULL,'13C',5),(2956,'AVAILABLE','Economy',NULL,'13D',5),(2957,'AVAILABLE','Economy',NULL,'13E',5),(2958,'AVAILABLE','Economy',NULL,'13F',5),(2959,'AVAILABLE','Economy',NULL,'14A',5),(2960,'AVAILABLE','Economy',NULL,'14B',5),(2961,'AVAILABLE','Economy',NULL,'14C',5),(2962,'AVAILABLE','Economy',NULL,'14D',5),(2963,'AVAILABLE','Economy',NULL,'14E',5),(2964,'AVAILABLE','Economy',NULL,'14F',5),(2965,'AVAILABLE','Economy',NULL,'15A',5),(2966,'AVAILABLE','Economy',NULL,'15B',5),(2967,'AVAILABLE','Economy',NULL,'15C',5),(2968,'AVAILABLE','Economy',NULL,'15D',5),(2969,'AVAILABLE','Economy',NULL,'15E',5),(2970,'AVAILABLE','Economy',NULL,'15F',5),(2971,'AVAILABLE','Economy',NULL,'16A',5),(2972,'AVAILABLE','Economy',NULL,'16B',5),(2973,'AVAILABLE','Economy',NULL,'16C',5),(2974,'AVAILABLE','Economy',NULL,'16D',5),(2975,'AVAILABLE','Economy',NULL,'16E',5),(2976,'AVAILABLE','Economy',NULL,'16F',5),(2977,'AVAILABLE','Economy',NULL,'17A',5),(2978,'AVAILABLE','Economy',NULL,'17B',5),(2979,'AVAILABLE','Economy',NULL,'17C',5),(2980,'AVAILABLE','Economy',NULL,'17D',5),(2981,'AVAILABLE','Economy',NULL,'17E',5),(2982,'AVAILABLE','Economy',NULL,'17F',5),(2983,'AVAILABLE','Economy',NULL,'18A',5),(2984,'AVAILABLE','Economy',NULL,'18B',5),(2985,'AVAILABLE','Economy',NULL,'18C',5),(2986,'AVAILABLE','Economy',NULL,'18D',5),(2987,'AVAILABLE','Economy',NULL,'18E',5),(2988,'AVAILABLE','Economy',NULL,'18F',5),(2989,'AVAILABLE','Economy',NULL,'19A',5),(2990,'AVAILABLE','Economy',NULL,'19B',5),(2991,'AVAILABLE','Economy',NULL,'19C',5),(2992,'AVAILABLE','Economy',NULL,'19D',5),(2993,'AVAILABLE','Economy',NULL,'19E',5),(2994,'AVAILABLE','Economy',NULL,'19F',5),(2995,'AVAILABLE','Economy',NULL,'20A',5),(2996,'AVAILABLE','Economy',NULL,'20B',5),(2997,'AVAILABLE','Economy',NULL,'20C',5),(2998,'AVAILABLE','Economy',NULL,'20D',5),(2999,'AVAILABLE','Economy',NULL,'20E',5),(3000,'AVAILABLE','Economy',NULL,'20F',5),(3001,'AVAILABLE','Economy',NULL,'1A',6),(3002,'AVAILABLE','Economy',NULL,'1B',6),(3003,'AVAILABLE','Economy',NULL,'1C',6),(3004,'AVAILABLE','Economy',NULL,'1D',6),(3005,'AVAILABLE','Economy',NULL,'1E',6),(3006,'AVAILABLE','Economy',NULL,'1F',6),(3007,'AVAILABLE','Economy',NULL,'2A',6),(3008,'AVAILABLE','Economy',NULL,'2B',6),(3009,'AVAILABLE','Economy',NULL,'2C',6),(3010,'AVAILABLE','Economy',NULL,'2D',6),(3011,'AVAILABLE','Economy',NULL,'2E',6),(3012,'AVAILABLE','Economy',NULL,'2F',6),(3013,'AVAILABLE','Economy',NULL,'3A',6),(3014,'AVAILABLE','Economy',NULL,'3B',6),(3015,'AVAILABLE','Economy',NULL,'3C',6),(3016,'AVAILABLE','Economy',NULL,'3D',6),(3017,'AVAILABLE','Economy',NULL,'3E',6),(3018,'AVAILABLE','Economy',NULL,'3F',6),(3019,'AVAILABLE','Economy',NULL,'4A',6),(3020,'AVAILABLE','Economy',NULL,'4B',6),(3021,'AVAILABLE','Economy',NULL,'4C',6),(3022,'AVAILABLE','Economy',NULL,'4D',6),(3023,'AVAILABLE','Economy',NULL,'4E',6),(3024,'AVAILABLE','Economy',NULL,'4F',6),(3025,'AVAILABLE','Economy',NULL,'5A',6),(3026,'AVAILABLE','Economy',NULL,'5B',6),(3027,'AVAILABLE','Economy',NULL,'5C',6),(3028,'AVAILABLE','Economy',NULL,'5D',6),(3029,'AVAILABLE','Economy',NULL,'5E',6),(3030,'AVAILABLE','Economy',NULL,'5F',6),(3031,'AVAILABLE','Economy',NULL,'6A',6),(3032,'AVAILABLE','Economy',NULL,'6B',6),(3033,'AVAILABLE','Economy',NULL,'6C',6),(3034,'AVAILABLE','Economy',NULL,'6D',6),(3035,'AVAILABLE','Economy',NULL,'6E',6),(3036,'AVAILABLE','Economy',NULL,'6F',6),(3037,'AVAILABLE','Economy',NULL,'7A',6),(3038,'AVAILABLE','Economy',NULL,'7B',6),(3039,'AVAILABLE','Economy',NULL,'7C',6),(3040,'AVAILABLE','Economy',NULL,'7D',6),(3041,'AVAILABLE','Economy',NULL,'7E',6),(3042,'AVAILABLE','Economy',NULL,'7F',6),(3043,'AVAILABLE','Economy',NULL,'8A',6),(3044,'AVAILABLE','Economy',NULL,'8B',6),(3045,'AVAILABLE','Economy',NULL,'8C',6),(3046,'AVAILABLE','Economy',NULL,'8D',6),(3047,'AVAILABLE','Economy',NULL,'8E',6),(3048,'AVAILABLE','Economy',NULL,'8F',6),(3049,'AVAILABLE','Economy',NULL,'9A',6),(3050,'AVAILABLE','Economy',NULL,'9B',6),(3051,'AVAILABLE','Economy',NULL,'9C',6),(3052,'AVAILABLE','Economy',NULL,'9D',6),(3053,'AVAILABLE','Economy',NULL,'9E',6),(3054,'AVAILABLE','Economy',NULL,'9F',6),(3055,'AVAILABLE','Economy',NULL,'10A',6),(3056,'AVAILABLE','Economy',NULL,'10B',6),(3057,'AVAILABLE','Economy',NULL,'10C',6),(3058,'AVAILABLE','Economy',NULL,'10D',6),(3059,'AVAILABLE','Economy',NULL,'10E',6),(3060,'AVAILABLE','Economy',NULL,'10F',6),(3061,'AVAILABLE','Economy',NULL,'11A',6),(3062,'AVAILABLE','Economy',NULL,'11B',6),(3063,'AVAILABLE','Economy',NULL,'11C',6),(3064,'AVAILABLE','Economy',NULL,'11D',6),(3065,'AVAILABLE','Economy',NULL,'11E',6),(3066,'AVAILABLE','Economy',NULL,'11F',6),(3067,'AVAILABLE','Economy',NULL,'12A',6),(3068,'AVAILABLE','Economy',NULL,'12B',6),(3069,'AVAILABLE','Economy',NULL,'12C',6),(3070,'AVAILABLE','Economy',NULL,'12D',6),(3071,'AVAILABLE','Economy',NULL,'12E',6),(3072,'AVAILABLE','Economy',NULL,'12F',6),(3073,'AVAILABLE','Economy',NULL,'13A',6),(3074,'AVAILABLE','Economy',NULL,'13B',6),(3075,'AVAILABLE','Economy',NULL,'13C',6),(3076,'AVAILABLE','Economy',NULL,'13D',6),(3077,'AVAILABLE','Economy',NULL,'13E',6),(3078,'AVAILABLE','Economy',NULL,'13F',6),(3079,'AVAILABLE','Economy',NULL,'14A',6),(3080,'AVAILABLE','Economy',NULL,'14B',6),(3081,'AVAILABLE','Economy',NULL,'14C',6),(3082,'AVAILABLE','Economy',NULL,'14D',6),(3083,'AVAILABLE','Economy',NULL,'14E',6),(3084,'AVAILABLE','Economy',NULL,'14F',6),(3085,'AVAILABLE','Economy',NULL,'15A',6),(3086,'AVAILABLE','Economy',NULL,'15B',6),(3087,'AVAILABLE','Economy',NULL,'15C',6),(3088,'AVAILABLE','Economy',NULL,'15D',6),(3089,'AVAILABLE','Economy',NULL,'15E',6),(3090,'AVAILABLE','Economy',NULL,'15F',6),(3091,'AVAILABLE','Economy',NULL,'16A',6),(3092,'AVAILABLE','Economy',NULL,'16B',6),(3093,'AVAILABLE','Economy',NULL,'16C',6),(3094,'AVAILABLE','Economy',NULL,'16D',6),(3095,'AVAILABLE','Economy',NULL,'16E',6),(3096,'AVAILABLE','Economy',NULL,'16F',6),(3097,'AVAILABLE','Economy',NULL,'17A',6),(3098,'AVAILABLE','Economy',NULL,'17B',6),(3099,'AVAILABLE','Economy',NULL,'17C',6),(3100,'AVAILABLE','Economy',NULL,'17D',6),(3101,'AVAILABLE','Economy',NULL,'17E',6),(3102,'AVAILABLE','Economy',NULL,'17F',6),(3103,'AVAILABLE','Economy',NULL,'18A',6),(3104,'AVAILABLE','Economy',NULL,'18B',6),(3105,'AVAILABLE','Economy',NULL,'18C',6),(3106,'AVAILABLE','Economy',NULL,'18D',6),(3107,'AVAILABLE','Economy',NULL,'18E',6),(3108,'AVAILABLE','Economy',NULL,'18F',6),(3109,'AVAILABLE','Economy',NULL,'19A',6),(3110,'AVAILABLE','Economy',NULL,'19B',6),(3111,'AVAILABLE','Economy',NULL,'19C',6),(3112,'AVAILABLE','Economy',NULL,'19D',6),(3113,'AVAILABLE','Economy',NULL,'19E',6),(3114,'AVAILABLE','Economy',NULL,'19F',6),(3115,'AVAILABLE','Economy',NULL,'20A',6),(3116,'AVAILABLE','Economy',NULL,'20B',6),(3117,'AVAILABLE','Economy',NULL,'20C',6),(3118,'AVAILABLE','Economy',NULL,'20D',6),(3119,'AVAILABLE','Economy',NULL,'20E',6),(3120,'AVAILABLE','Economy',NULL,'20F',6),(3121,'AVAILABLE','Economy',NULL,'1A',7),(3122,'AVAILABLE','Economy',NULL,'1B',7),(3123,'AVAILABLE','Economy',NULL,'1C',7),(3124,'available','Economy',NULL,'1D',7),(3125,'available','Economy',NULL,'1E',7),(3126,'available','Economy',NULL,'1F',7),(3127,'AVAILABLE','Economy',NULL,'2A',7),(3128,'AVAILABLE','Economy',NULL,'2B',7),(3129,'AVAILABLE','Economy',NULL,'2C',7),(3130,'AVAILABLE','Economy',NULL,'2D',7),(3131,'AVAILABLE','Economy',NULL,'2E',7),(3132,'AVAILABLE','Economy',NULL,'2F',7),(3133,'AVAILABLE','Economy',NULL,'3A',7),(3134,'AVAILABLE','Economy',NULL,'3B',7),(3135,'AVAILABLE','Economy',NULL,'3C',7),(3136,'AVAILABLE','Economy',NULL,'3D',7),(3137,'AVAILABLE','Economy',NULL,'3E',7),(3138,'AVAILABLE','Economy',NULL,'3F',7),(3139,'AVAILABLE','Economy',NULL,'4A',7),(3140,'AVAILABLE','Economy',NULL,'4B',7),(3141,'AVAILABLE','Economy',NULL,'4C',7),(3142,'AVAILABLE','Economy',NULL,'4D',7),(3143,'AVAILABLE','Economy',NULL,'4E',7),(3144,'AVAILABLE','Economy',NULL,'4F',7),(3145,'AVAILABLE','Economy',NULL,'5A',7),(3146,'AVAILABLE','Economy',NULL,'5B',7),(3147,'AVAILABLE','Economy',NULL,'5C',7),(3148,'AVAILABLE','Economy',NULL,'5D',7),(3149,'AVAILABLE','Economy',NULL,'5E',7),(3150,'AVAILABLE','Economy',NULL,'5F',7),(3151,'AVAILABLE','Economy',NULL,'6A',7),(3152,'AVAILABLE','Economy',NULL,'6B',7),(3153,'AVAILABLE','Economy',NULL,'6C',7),(3154,'AVAILABLE','Economy',NULL,'6D',7),(3155,'AVAILABLE','Economy',NULL,'6E',7),(3156,'AVAILABLE','Economy',NULL,'6F',7),(3157,'AVAILABLE','Economy',NULL,'7A',7),(3158,'AVAILABLE','Economy',NULL,'7B',7),(3159,'AVAILABLE','Economy',NULL,'7C',7),(3160,'AVAILABLE','Economy',NULL,'7D',7),(3161,'AVAILABLE','Economy',NULL,'7E',7),(3162,'AVAILABLE','Economy',NULL,'7F',7),(3163,'AVAILABLE','Economy',NULL,'8A',7),(3164,'AVAILABLE','Economy',NULL,'8B',7),(3165,'AVAILABLE','Economy',NULL,'8C',7),(3166,'AVAILABLE','Economy',NULL,'8D',7),(3167,'AVAILABLE','Economy',NULL,'8E',7),(3168,'AVAILABLE','Economy',NULL,'8F',7),(3169,'AVAILABLE','Economy',NULL,'9A',7),(3170,'AVAILABLE','Economy',NULL,'9B',7),(3171,'AVAILABLE','Economy',NULL,'9C',7),(3172,'AVAILABLE','Economy',NULL,'9D',7),(3173,'AVAILABLE','Economy',NULL,'9E',7),(3174,'AVAILABLE','Economy',NULL,'9F',7),(3175,'AVAILABLE','Economy',NULL,'10A',7),(3176,'AVAILABLE','Economy',NULL,'10B',7),(3177,'AVAILABLE','Economy',NULL,'10C',7),(3178,'AVAILABLE','Economy',NULL,'10D',7),(3179,'AVAILABLE','Economy',NULL,'10E',7),(3180,'AVAILABLE','Economy',NULL,'10F',7),(3181,'AVAILABLE','Economy',NULL,'11A',7),(3182,'AVAILABLE','Economy',NULL,'11B',7),(3183,'AVAILABLE','Economy',NULL,'11C',7),(3184,'AVAILABLE','Economy',NULL,'11D',7),(3185,'AVAILABLE','Economy',NULL,'11E',7),(3186,'AVAILABLE','Economy',NULL,'11F',7),(3187,'AVAILABLE','Economy',NULL,'12A',7),(3188,'AVAILABLE','Economy',NULL,'12B',7),(3189,'AVAILABLE','Economy',NULL,'12C',7),(3190,'AVAILABLE','Economy',NULL,'12D',7),(3191,'AVAILABLE','Economy',NULL,'12E',7),(3192,'AVAILABLE','Economy',NULL,'12F',7),(3193,'AVAILABLE','Economy',NULL,'13A',7),(3194,'AVAILABLE','Economy',NULL,'13B',7),(3195,'AVAILABLE','Economy',NULL,'13C',7),(3196,'AVAILABLE','Economy',NULL,'13D',7),(3197,'AVAILABLE','Economy',NULL,'13E',7),(3198,'AVAILABLE','Economy',NULL,'13F',7),(3199,'AVAILABLE','Economy',NULL,'14A',7),(3200,'AVAILABLE','Economy',NULL,'14B',7),(3201,'AVAILABLE','Economy',NULL,'14C',7),(3202,'AVAILABLE','Economy',NULL,'14D',7),(3203,'AVAILABLE','Economy',NULL,'14E',7),(3204,'AVAILABLE','Economy',NULL,'14F',7),(3205,'AVAILABLE','Economy',NULL,'15A',7),(3206,'AVAILABLE','Economy',NULL,'15B',7),(3207,'AVAILABLE','Economy',NULL,'15C',7),(3208,'AVAILABLE','Economy',NULL,'15D',7),(3209,'AVAILABLE','Economy',NULL,'15E',7),(3210,'AVAILABLE','Economy',NULL,'15F',7),(3211,'AVAILABLE','Economy',NULL,'16A',7),(3212,'AVAILABLE','Economy',NULL,'16B',7),(3213,'AVAILABLE','Economy',NULL,'16C',7),(3214,'AVAILABLE','Economy',NULL,'16D',7),(3215,'AVAILABLE','Economy',NULL,'16E',7),(3216,'AVAILABLE','Economy',NULL,'16F',7),(3217,'AVAILABLE','Economy',NULL,'17A',7),(3218,'AVAILABLE','Economy',NULL,'17B',7),(3219,'AVAILABLE','Economy',NULL,'17C',7),(3220,'AVAILABLE','Economy',NULL,'17D',7),(3221,'AVAILABLE','Economy',NULL,'17E',7),(3222,'AVAILABLE','Economy',NULL,'17F',7),(3223,'AVAILABLE','Economy',NULL,'18A',7),(3224,'AVAILABLE','Economy',NULL,'18B',7),(3225,'AVAILABLE','Economy',NULL,'18C',7),(3226,'AVAILABLE','Economy',NULL,'18D',7),(3227,'AVAILABLE','Economy',NULL,'18E',7),(3228,'AVAILABLE','Economy',NULL,'18F',7),(3229,'AVAILABLE','Economy',NULL,'19A',7),(3230,'AVAILABLE','Economy',NULL,'19B',7),(3231,'AVAILABLE','Economy',NULL,'19C',7),(3232,'AVAILABLE','Economy',NULL,'19D',7),(3233,'AVAILABLE','Economy',NULL,'19E',7),(3234,'AVAILABLE','Economy',NULL,'19F',7),(3235,'AVAILABLE','Economy',NULL,'20A',7),(3236,'AVAILABLE','Economy',NULL,'20B',7),(3237,'AVAILABLE','Economy',NULL,'20C',7),(3238,'AVAILABLE','Economy',NULL,'20D',7),(3239,'AVAILABLE','Economy',NULL,'20E',7),(3240,'AVAILABLE','Economy',NULL,'20F',7),(3241,'AVAILABLE','Economy',NULL,'1A',8),(3242,'AVAILABLE','Economy',NULL,'1B',8),(3243,'AVAILABLE','Economy',NULL,'1C',8),(3244,'AVAILABLE','Economy',NULL,'1D',8),(3245,'AVAILABLE','Economy',NULL,'1E',8),(3246,'AVAILABLE','Economy',NULL,'1F',8),(3247,'AVAILABLE','Economy',NULL,'2A',8),(3248,'AVAILABLE','Economy',NULL,'2B',8),(3249,'AVAILABLE','Economy',NULL,'2C',8),(3250,'AVAILABLE','Economy',NULL,'2D',8),(3251,'AVAILABLE','Economy',NULL,'2E',8),(3252,'AVAILABLE','Economy',NULL,'2F',8),(3253,'AVAILABLE','Economy',NULL,'3A',8),(3254,'AVAILABLE','Economy',NULL,'3B',8),(3255,'AVAILABLE','Economy',NULL,'3C',8),(3256,'AVAILABLE','Economy',NULL,'3D',8),(3257,'AVAILABLE','Economy',NULL,'3E',8),(3258,'AVAILABLE','Economy',NULL,'3F',8),(3259,'AVAILABLE','Economy',NULL,'4A',8),(3260,'AVAILABLE','Economy',NULL,'4B',8),(3261,'AVAILABLE','Economy',NULL,'4C',8),(3262,'AVAILABLE','Economy',NULL,'4D',8),(3263,'AVAILABLE','Economy',NULL,'4E',8),(3264,'AVAILABLE','Economy',NULL,'4F',8),(3265,'AVAILABLE','Economy',NULL,'5A',8),(3266,'AVAILABLE','Economy',NULL,'5B',8),(3267,'AVAILABLE','Economy',NULL,'5C',8),(3268,'AVAILABLE','Economy',NULL,'5D',8),(3269,'AVAILABLE','Economy',NULL,'5E',8),(3270,'AVAILABLE','Economy',NULL,'5F',8),(3271,'AVAILABLE','Economy',NULL,'6A',8),(3272,'AVAILABLE','Economy',NULL,'6B',8),(3273,'AVAILABLE','Economy',NULL,'6C',8),(3274,'AVAILABLE','Economy',NULL,'6D',8),(3275,'AVAILABLE','Economy',NULL,'6E',8),(3276,'AVAILABLE','Economy',NULL,'6F',8),(3277,'AVAILABLE','Economy',NULL,'7A',8),(3278,'AVAILABLE','Economy',NULL,'7B',8),(3279,'AVAILABLE','Economy',NULL,'7C',8),(3280,'AVAILABLE','Economy',NULL,'7D',8),(3281,'AVAILABLE','Economy',NULL,'7E',8),(3282,'AVAILABLE','Economy',NULL,'7F',8),(3283,'AVAILABLE','Economy',NULL,'8A',8),(3284,'AVAILABLE','Economy',NULL,'8B',8),(3285,'AVAILABLE','Economy',NULL,'8C',8),(3286,'AVAILABLE','Economy',NULL,'8D',8),(3287,'AVAILABLE','Economy',NULL,'8E',8),(3288,'AVAILABLE','Economy',NULL,'8F',8),(3289,'AVAILABLE','Economy',NULL,'9A',8),(3290,'AVAILABLE','Economy',NULL,'9B',8),(3291,'AVAILABLE','Economy',NULL,'9C',8),(3292,'AVAILABLE','Economy',NULL,'9D',8),(3293,'AVAILABLE','Economy',NULL,'9E',8),(3294,'AVAILABLE','Economy',NULL,'9F',8),(3295,'AVAILABLE','Economy',NULL,'10A',8),(3296,'AVAILABLE','Economy',NULL,'10B',8),(3297,'AVAILABLE','Economy',NULL,'10C',8),(3298,'AVAILABLE','Economy',NULL,'10D',8),(3299,'AVAILABLE','Economy',NULL,'10E',8),(3300,'AVAILABLE','Economy',NULL,'10F',8),(3301,'AVAILABLE','Economy',NULL,'11A',8),(3302,'AVAILABLE','Economy',NULL,'11B',8),(3303,'AVAILABLE','Economy',NULL,'11C',8),(3304,'AVAILABLE','Economy',NULL,'11D',8),(3305,'AVAILABLE','Economy',NULL,'11E',8),(3306,'AVAILABLE','Economy',NULL,'11F',8),(3307,'AVAILABLE','Economy',NULL,'12A',8),(3308,'AVAILABLE','Economy',NULL,'12B',8),(3309,'AVAILABLE','Economy',NULL,'12C',8),(3310,'AVAILABLE','Economy',NULL,'12D',8),(3311,'AVAILABLE','Economy',NULL,'12E',8),(3312,'AVAILABLE','Economy',NULL,'12F',8),(3313,'AVAILABLE','Economy',NULL,'13A',8),(3314,'AVAILABLE','Economy',NULL,'13B',8),(3315,'AVAILABLE','Economy',NULL,'13C',8),(3316,'AVAILABLE','Economy',NULL,'13D',8),(3317,'AVAILABLE','Economy',NULL,'13E',8),(3318,'AVAILABLE','Economy',NULL,'13F',8),(3319,'AVAILABLE','Economy',NULL,'14A',8),(3320,'AVAILABLE','Economy',NULL,'14B',8),(3321,'AVAILABLE','Economy',NULL,'14C',8),(3322,'AVAILABLE','Economy',NULL,'14D',8),(3323,'AVAILABLE','Economy',NULL,'14E',8),(3324,'AVAILABLE','Economy',NULL,'14F',8),(3325,'AVAILABLE','Economy',NULL,'15A',8),(3326,'AVAILABLE','Economy',NULL,'15B',8),(3327,'AVAILABLE','Economy',NULL,'15C',8),(3328,'AVAILABLE','Economy',NULL,'15D',8),(3329,'AVAILABLE','Economy',NULL,'15E',8),(3330,'AVAILABLE','Economy',NULL,'15F',8),(3331,'AVAILABLE','Economy',NULL,'16A',8),(3332,'AVAILABLE','Economy',NULL,'16B',8),(3333,'AVAILABLE','Economy',NULL,'16C',8),(3334,'AVAILABLE','Economy',NULL,'16D',8),(3335,'AVAILABLE','Economy',NULL,'16E',8),(3336,'AVAILABLE','Economy',NULL,'16F',8),(3337,'AVAILABLE','Economy',NULL,'17A',8),(3338,'AVAILABLE','Economy',NULL,'17B',8),(3339,'AVAILABLE','Economy',NULL,'17C',8),(3340,'AVAILABLE','Economy',NULL,'17D',8),(3341,'AVAILABLE','Economy',NULL,'17E',8),(3342,'AVAILABLE','Economy',NULL,'17F',8),(3343,'AVAILABLE','Economy',NULL,'18A',8),(3344,'AVAILABLE','Economy',NULL,'18B',8),(3345,'AVAILABLE','Economy',NULL,'18C',8),(3346,'AVAILABLE','Economy',NULL,'18D',8),(3347,'AVAILABLE','Economy',NULL,'18E',8),(3348,'AVAILABLE','Economy',NULL,'18F',8),(3349,'AVAILABLE','Economy',NULL,'19A',8),(3350,'AVAILABLE','Economy',NULL,'19B',8),(3351,'AVAILABLE','Economy',NULL,'19C',8),(3352,'AVAILABLE','Economy',NULL,'19D',8),(3353,'AVAILABLE','Economy',NULL,'19E',8),(3354,'AVAILABLE','Economy',NULL,'19F',8),(3355,'AVAILABLE','Economy',NULL,'20A',8),(3356,'AVAILABLE','Economy',NULL,'20B',8),(3357,'AVAILABLE','Economy',NULL,'20C',8),(3358,'AVAILABLE','Economy',NULL,'20D',8),(3359,'AVAILABLE','Economy',NULL,'20E',8),(3360,'AVAILABLE','Economy',NULL,'20F',8),(3361,'AVAILABLE','Economy',NULL,'1A',9),(3362,'AVAILABLE','Economy',NULL,'1B',9),(3363,'AVAILABLE','Economy',NULL,'1C',9),(3364,'AVAILABLE','Economy',NULL,'1D',9),(3365,'AVAILABLE','Economy',NULL,'1E',9),(3366,'AVAILABLE','Economy',NULL,'1F',9),(3367,'AVAILABLE','Economy',NULL,'2A',9),(3368,'AVAILABLE','Economy',NULL,'2B',9),(3369,'AVAILABLE','Economy',NULL,'2C',9),(3370,'AVAILABLE','Economy',NULL,'2D',9),(3371,'AVAILABLE','Economy',NULL,'2E',9),(3372,'AVAILABLE','Economy',NULL,'2F',9),(3373,'AVAILABLE','Economy',NULL,'3A',9),(3374,'AVAILABLE','Economy',NULL,'3B',9),(3375,'AVAILABLE','Economy',NULL,'3C',9),(3376,'AVAILABLE','Economy',NULL,'3D',9),(3377,'AVAILABLE','Economy',NULL,'3E',9),(3378,'AVAILABLE','Economy',NULL,'3F',9),(3379,'AVAILABLE','Economy',NULL,'4A',9),(3380,'AVAILABLE','Economy',NULL,'4B',9),(3381,'AVAILABLE','Economy',NULL,'4C',9),(3382,'AVAILABLE','Economy',NULL,'4D',9),(3383,'AVAILABLE','Economy',NULL,'4E',9),(3384,'AVAILABLE','Economy',NULL,'4F',9),(3385,'AVAILABLE','Economy',NULL,'5A',9),(3386,'AVAILABLE','Economy',NULL,'5B',9),(3387,'AVAILABLE','Economy',NULL,'5C',9),(3388,'AVAILABLE','Economy',NULL,'5D',9),(3389,'AVAILABLE','Economy',NULL,'5E',9),(3390,'AVAILABLE','Economy',NULL,'5F',9),(3391,'AVAILABLE','Economy',NULL,'6A',9),(3392,'AVAILABLE','Economy',NULL,'6B',9),(3393,'AVAILABLE','Economy',NULL,'6C',9),(3394,'AVAILABLE','Economy',NULL,'6D',9),(3395,'AVAILABLE','Economy',NULL,'6E',9),(3396,'AVAILABLE','Economy',NULL,'6F',9),(3397,'AVAILABLE','Economy',NULL,'7A',9),(3398,'AVAILABLE','Economy',NULL,'7B',9),(3399,'AVAILABLE','Economy',NULL,'7C',9),(3400,'AVAILABLE','Economy',NULL,'7D',9),(3401,'AVAILABLE','Economy',NULL,'7E',9),(3402,'AVAILABLE','Economy',NULL,'7F',9),(3403,'AVAILABLE','Economy',NULL,'8A',9),(3404,'AVAILABLE','Economy',NULL,'8B',9),(3405,'AVAILABLE','Economy',NULL,'8C',9),(3406,'AVAILABLE','Economy',NULL,'8D',9),(3407,'AVAILABLE','Economy',NULL,'8E',9),(3408,'AVAILABLE','Economy',NULL,'8F',9),(3409,'AVAILABLE','Economy',NULL,'9A',9),(3410,'AVAILABLE','Economy',NULL,'9B',9),(3411,'AVAILABLE','Economy',NULL,'9C',9),(3412,'AVAILABLE','Economy',NULL,'9D',9),(3413,'AVAILABLE','Economy',NULL,'9E',9),(3414,'AVAILABLE','Economy',NULL,'9F',9),(3415,'AVAILABLE','Economy',NULL,'10A',9),(3416,'AVAILABLE','Economy',NULL,'10B',9),(3417,'AVAILABLE','Economy',NULL,'10C',9),(3418,'AVAILABLE','Economy',NULL,'10D',9),(3419,'AVAILABLE','Economy',NULL,'10E',9),(3420,'AVAILABLE','Economy',NULL,'10F',9),(3421,'AVAILABLE','Economy',NULL,'11A',9),(3422,'AVAILABLE','Economy',NULL,'11B',9),(3423,'AVAILABLE','Economy',NULL,'11C',9),(3424,'AVAILABLE','Economy',NULL,'11D',9),(3425,'AVAILABLE','Economy',NULL,'11E',9),(3426,'AVAILABLE','Economy',NULL,'11F',9),(3427,'AVAILABLE','Economy',NULL,'12A',9),(3428,'AVAILABLE','Economy',NULL,'12B',9),(3429,'AVAILABLE','Economy',NULL,'12C',9),(3430,'AVAILABLE','Economy',NULL,'12D',9),(3431,'AVAILABLE','Economy',NULL,'12E',9),(3432,'AVAILABLE','Economy',NULL,'12F',9),(3433,'AVAILABLE','Economy',NULL,'13A',9),(3434,'AVAILABLE','Economy',NULL,'13B',9),(3435,'AVAILABLE','Economy',NULL,'13C',9),(3436,'AVAILABLE','Economy',NULL,'13D',9),(3437,'AVAILABLE','Economy',NULL,'13E',9),(3438,'AVAILABLE','Economy',NULL,'13F',9),(3439,'AVAILABLE','Economy',NULL,'14A',9),(3440,'AVAILABLE','Economy',NULL,'14B',9),(3441,'AVAILABLE','Economy',NULL,'14C',9),(3442,'AVAILABLE','Economy',NULL,'14D',9),(3443,'AVAILABLE','Economy',NULL,'14E',9),(3444,'AVAILABLE','Economy',NULL,'14F',9),(3445,'AVAILABLE','Economy',NULL,'15A',9),(3446,'AVAILABLE','Economy',NULL,'15B',9),(3447,'AVAILABLE','Economy',NULL,'15C',9),(3448,'AVAILABLE','Economy',NULL,'15D',9),(3449,'AVAILABLE','Economy',NULL,'15E',9),(3450,'AVAILABLE','Economy',NULL,'15F',9),(3451,'AVAILABLE','Economy',NULL,'16A',9),(3452,'AVAILABLE','Economy',NULL,'16B',9),(3453,'AVAILABLE','Economy',NULL,'16C',9),(3454,'AVAILABLE','Economy',NULL,'16D',9),(3455,'AVAILABLE','Economy',NULL,'16E',9),(3456,'AVAILABLE','Economy',NULL,'16F',9),(3457,'AVAILABLE','Economy',NULL,'17A',9),(3458,'AVAILABLE','Economy',NULL,'17B',9),(3459,'AVAILABLE','Economy',NULL,'17C',9),(3460,'AVAILABLE','Economy',NULL,'17D',9),(3461,'AVAILABLE','Economy',NULL,'17E',9),(3462,'AVAILABLE','Economy',NULL,'17F',9),(3463,'AVAILABLE','Economy',NULL,'18A',9),(3464,'AVAILABLE','Economy',NULL,'18B',9),(3465,'AVAILABLE','Economy',NULL,'18C',9),(3466,'AVAILABLE','Economy',NULL,'18D',9),(3467,'AVAILABLE','Economy',NULL,'18E',9),(3468,'AVAILABLE','Economy',NULL,'18F',9),(3469,'AVAILABLE','Economy',NULL,'19A',9),(3470,'AVAILABLE','Economy',NULL,'19B',9),(3471,'AVAILABLE','Economy',NULL,'19C',9),(3472,'AVAILABLE','Economy',NULL,'19D',9),(3473,'AVAILABLE','Economy',NULL,'19E',9),(3474,'AVAILABLE','Economy',NULL,'19F',9),(3475,'AVAILABLE','Economy',NULL,'20A',9),(3476,'AVAILABLE','Economy',NULL,'20B',9),(3477,'AVAILABLE','Economy',NULL,'20C',9),(3478,'AVAILABLE','Economy',NULL,'20D',9),(3479,'AVAILABLE','Economy',NULL,'20E',9),(3480,'AVAILABLE','Economy',NULL,'20F',9),(3481,'unavailable','Economy','2024-08-22 16:03:49.905214','1A',10),(3482,'AVAILABLE','Economy',NULL,'1B',10),(3483,'AVAILABLE','Economy',NULL,'1C',10),(3484,'AVAILABLE','Economy',NULL,'1D',10),(3485,'AVAILABLE','Economy',NULL,'1E',10),(3486,'AVAILABLE','Economy',NULL,'1F',10),(3487,'AVAILABLE','Economy',NULL,'2A',10),(3488,'AVAILABLE','Economy',NULL,'2B',10),(3489,'AVAILABLE','Economy',NULL,'2C',10),(3490,'AVAILABLE','Economy',NULL,'2D',10),(3491,'AVAILABLE','Economy',NULL,'2E',10),(3492,'AVAILABLE','Economy',NULL,'2F',10),(3493,'AVAILABLE','Economy',NULL,'3A',10),(3494,'AVAILABLE','Economy',NULL,'3B',10),(3495,'AVAILABLE','Economy',NULL,'3C',10),(3496,'AVAILABLE','Economy',NULL,'3D',10),(3497,'AVAILABLE','Economy',NULL,'3E',10),(3498,'AVAILABLE','Economy',NULL,'3F',10),(3499,'AVAILABLE','Economy',NULL,'4A',10),(3500,'AVAILABLE','Economy',NULL,'4B',10),(3501,'AVAILABLE','Economy',NULL,'4C',10),(3502,'AVAILABLE','Economy',NULL,'4D',10),(3503,'AVAILABLE','Economy',NULL,'4E',10),(3504,'AVAILABLE','Economy',NULL,'4F',10),(3505,'AVAILABLE','Economy',NULL,'5A',10),(3506,'AVAILABLE','Economy',NULL,'5B',10),(3507,'AVAILABLE','Economy',NULL,'5C',10),(3508,'AVAILABLE','Economy',NULL,'5D',10),(3509,'AVAILABLE','Economy',NULL,'5E',10),(3510,'AVAILABLE','Economy',NULL,'5F',10),(3511,'AVAILABLE','Economy',NULL,'6A',10),(3512,'AVAILABLE','Economy',NULL,'6B',10),(3513,'AVAILABLE','Economy',NULL,'6C',10),(3514,'AVAILABLE','Economy',NULL,'6D',10),(3515,'AVAILABLE','Economy',NULL,'6E',10),(3516,'AVAILABLE','Economy',NULL,'6F',10),(3517,'AVAILABLE','Economy',NULL,'7A',10),(3518,'AVAILABLE','Economy',NULL,'7B',10),(3519,'AVAILABLE','Economy',NULL,'7C',10),(3520,'AVAILABLE','Economy',NULL,'7D',10),(3521,'AVAILABLE','Economy',NULL,'7E',10),(3522,'AVAILABLE','Economy',NULL,'7F',10),(3523,'AVAILABLE','Economy',NULL,'8A',10),(3524,'AVAILABLE','Economy',NULL,'8B',10),(3525,'AVAILABLE','Economy',NULL,'8C',10),(3526,'AVAILABLE','Economy',NULL,'8D',10),(3527,'AVAILABLE','Economy',NULL,'8E',10),(3528,'AVAILABLE','Economy',NULL,'8F',10),(3529,'AVAILABLE','Economy',NULL,'9A',10),(3530,'AVAILABLE','Economy',NULL,'9B',10),(3531,'AVAILABLE','Economy',NULL,'9C',10),(3532,'AVAILABLE','Economy',NULL,'9D',10),(3533,'AVAILABLE','Economy',NULL,'9E',10),(3534,'AVAILABLE','Economy',NULL,'9F',10),(3535,'AVAILABLE','Economy',NULL,'10A',10),(3536,'AVAILABLE','Economy',NULL,'10B',10),(3537,'AVAILABLE','Economy',NULL,'10C',10),(3538,'AVAILABLE','Economy',NULL,'10D',10),(3539,'AVAILABLE','Economy',NULL,'10E',10),(3540,'AVAILABLE','Economy',NULL,'10F',10),(3541,'AVAILABLE','Economy',NULL,'11A',10),(3542,'AVAILABLE','Economy',NULL,'11B',10),(3543,'AVAILABLE','Economy',NULL,'11C',10),(3544,'AVAILABLE','Economy',NULL,'11D',10),(3545,'AVAILABLE','Economy',NULL,'11E',10),(3546,'AVAILABLE','Economy',NULL,'11F',10),(3547,'AVAILABLE','Economy',NULL,'12A',10),(3548,'AVAILABLE','Economy',NULL,'12B',10),(3549,'AVAILABLE','Economy',NULL,'12C',10),(3550,'AVAILABLE','Economy',NULL,'12D',10),(3551,'AVAILABLE','Economy',NULL,'12E',10),(3552,'AVAILABLE','Economy',NULL,'12F',10),(3553,'AVAILABLE','Economy',NULL,'13A',10),(3554,'AVAILABLE','Economy',NULL,'13B',10),(3555,'AVAILABLE','Economy',NULL,'13C',10),(3556,'AVAILABLE','Economy',NULL,'13D',10),(3557,'AVAILABLE','Economy',NULL,'13E',10),(3558,'AVAILABLE','Economy',NULL,'13F',10),(3559,'AVAILABLE','Economy',NULL,'14A',10),(3560,'AVAILABLE','Economy',NULL,'14B',10),(3561,'AVAILABLE','Economy',NULL,'14C',10),(3562,'AVAILABLE','Economy',NULL,'14D',10),(3563,'AVAILABLE','Economy',NULL,'14E',10),(3564,'AVAILABLE','Economy',NULL,'14F',10),(3565,'AVAILABLE','Economy',NULL,'15A',10),(3566,'AVAILABLE','Economy',NULL,'15B',10),(3567,'AVAILABLE','Economy',NULL,'15C',10),(3568,'AVAILABLE','Economy',NULL,'15D',10),(3569,'AVAILABLE','Economy',NULL,'15E',10),(3570,'AVAILABLE','Economy',NULL,'15F',10),(3571,'AVAILABLE','Economy',NULL,'16A',10),(3572,'AVAILABLE','Economy',NULL,'16B',10),(3573,'AVAILABLE','Economy',NULL,'16C',10),(3574,'AVAILABLE','Economy',NULL,'16D',10),(3575,'AVAILABLE','Economy',NULL,'16E',10),(3576,'AVAILABLE','Economy',NULL,'16F',10),(3577,'AVAILABLE','Economy',NULL,'17A',10),(3578,'AVAILABLE','Economy',NULL,'17B',10),(3579,'AVAILABLE','Economy',NULL,'17C',10),(3580,'AVAILABLE','Economy',NULL,'17D',10),(3581,'AVAILABLE','Economy',NULL,'17E',10),(3582,'AVAILABLE','Economy',NULL,'17F',10),(3583,'AVAILABLE','Economy',NULL,'18A',10),(3584,'AVAILABLE','Economy',NULL,'18B',10),(3585,'AVAILABLE','Economy',NULL,'18C',10),(3586,'AVAILABLE','Economy',NULL,'18D',10),(3587,'AVAILABLE','Economy',NULL,'18E',10),(3588,'AVAILABLE','Economy',NULL,'18F',10),(3589,'AVAILABLE','Economy',NULL,'19A',10),(3590,'AVAILABLE','Economy',NULL,'19B',10),(3591,'AVAILABLE','Economy',NULL,'19C',10),(3592,'AVAILABLE','Economy',NULL,'19D',10),(3593,'AVAILABLE','Economy',NULL,'19E',10),(3594,'AVAILABLE','Economy',NULL,'19F',10),(3595,'AVAILABLE','Economy',NULL,'20A',10),(3596,'AVAILABLE','Economy',NULL,'20B',10),(3597,'AVAILABLE','Economy',NULL,'20C',10),(3598,'AVAILABLE','Economy',NULL,'20D',10),(3599,'AVAILABLE','Economy',NULL,'20E',10),(3600,'AVAILABLE','Economy',NULL,'20F',10),(3601,'AVAILABLE','Economy',NULL,'1A',11),(3602,'AVAILABLE','Economy',NULL,'1B',11),(3603,'AVAILABLE','Economy',NULL,'1C',11),(3604,'AVAILABLE','Economy',NULL,'1D',11),(3605,'AVAILABLE','Economy',NULL,'1E',11),(3606,'AVAILABLE','Economy',NULL,'1F',11),(3607,'AVAILABLE','Economy',NULL,'2A',11),(3608,'AVAILABLE','Economy',NULL,'2B',11),(3609,'AVAILABLE','Economy',NULL,'2C',11),(3610,'AVAILABLE','Economy',NULL,'2D',11),(3611,'AVAILABLE','Economy',NULL,'2E',11),(3612,'AVAILABLE','Economy',NULL,'2F',11),(3613,'AVAILABLE','Economy',NULL,'3A',11),(3614,'AVAILABLE','Economy',NULL,'3B',11),(3615,'AVAILABLE','Economy',NULL,'3C',11),(3616,'AVAILABLE','Economy',NULL,'3D',11),(3617,'AVAILABLE','Economy',NULL,'3E',11),(3618,'AVAILABLE','Economy',NULL,'3F',11),(3619,'AVAILABLE','Economy',NULL,'4A',11),(3620,'AVAILABLE','Economy',NULL,'4B',11),(3621,'AVAILABLE','Economy',NULL,'4C',11),(3622,'AVAILABLE','Economy',NULL,'4D',11),(3623,'AVAILABLE','Economy',NULL,'4E',11),(3624,'AVAILABLE','Economy',NULL,'4F',11),(3625,'AVAILABLE','Economy',NULL,'5A',11),(3626,'AVAILABLE','Economy',NULL,'5B',11),(3627,'AVAILABLE','Economy',NULL,'5C',11),(3628,'AVAILABLE','Economy',NULL,'5D',11),(3629,'AVAILABLE','Economy',NULL,'5E',11),(3630,'AVAILABLE','Economy',NULL,'5F',11),(3631,'AVAILABLE','Economy',NULL,'6A',11),(3632,'AVAILABLE','Economy',NULL,'6B',11),(3633,'AVAILABLE','Economy',NULL,'6C',11),(3634,'AVAILABLE','Economy',NULL,'6D',11),(3635,'AVAILABLE','Economy',NULL,'6E',11),(3636,'AVAILABLE','Economy',NULL,'6F',11),(3637,'AVAILABLE','Economy',NULL,'7A',11),(3638,'AVAILABLE','Economy',NULL,'7B',11),(3639,'AVAILABLE','Economy',NULL,'7C',11),(3640,'AVAILABLE','Economy',NULL,'7D',11),(3641,'AVAILABLE','Economy',NULL,'7E',11),(3642,'AVAILABLE','Economy',NULL,'7F',11),(3643,'AVAILABLE','Economy',NULL,'8A',11),(3644,'AVAILABLE','Economy',NULL,'8B',11),(3645,'AVAILABLE','Economy',NULL,'8C',11),(3646,'AVAILABLE','Economy',NULL,'8D',11),(3647,'AVAILABLE','Economy',NULL,'8E',11),(3648,'AVAILABLE','Economy',NULL,'8F',11),(3649,'AVAILABLE','Economy',NULL,'9A',11),(3650,'AVAILABLE','Economy',NULL,'9B',11),(3651,'AVAILABLE','Economy',NULL,'9C',11),(3652,'AVAILABLE','Economy',NULL,'9D',11),(3653,'AVAILABLE','Economy',NULL,'9E',11),(3654,'AVAILABLE','Economy',NULL,'9F',11),(3655,'AVAILABLE','Economy',NULL,'10A',11),(3656,'AVAILABLE','Economy',NULL,'10B',11),(3657,'AVAILABLE','Economy',NULL,'10C',11),(3658,'AVAILABLE','Economy',NULL,'10D',11),(3659,'AVAILABLE','Economy',NULL,'10E',11),(3660,'AVAILABLE','Economy',NULL,'10F',11),(3661,'AVAILABLE','Economy',NULL,'11A',11),(3662,'AVAILABLE','Economy',NULL,'11B',11),(3663,'AVAILABLE','Economy',NULL,'11C',11),(3664,'AVAILABLE','Economy',NULL,'11D',11),(3665,'AVAILABLE','Economy',NULL,'11E',11),(3666,'AVAILABLE','Economy',NULL,'11F',11),(3667,'AVAILABLE','Economy',NULL,'12A',11),(3668,'AVAILABLE','Economy',NULL,'12B',11),(3669,'AVAILABLE','Economy',NULL,'12C',11),(3670,'AVAILABLE','Economy',NULL,'12D',11),(3671,'AVAILABLE','Economy',NULL,'12E',11),(3672,'AVAILABLE','Economy',NULL,'12F',11),(3673,'AVAILABLE','Economy',NULL,'13A',11),(3674,'AVAILABLE','Economy',NULL,'13B',11),(3675,'AVAILABLE','Economy',NULL,'13C',11),(3676,'AVAILABLE','Economy',NULL,'13D',11),(3677,'AVAILABLE','Economy',NULL,'13E',11),(3678,'AVAILABLE','Economy',NULL,'13F',11),(3679,'AVAILABLE','Economy',NULL,'14A',11),(3680,'AVAILABLE','Economy',NULL,'14B',11),(3681,'AVAILABLE','Economy',NULL,'14C',11),(3682,'AVAILABLE','Economy',NULL,'14D',11),(3683,'AVAILABLE','Economy',NULL,'14E',11),(3684,'AVAILABLE','Economy',NULL,'14F',11),(3685,'AVAILABLE','Economy',NULL,'15A',11),(3686,'AVAILABLE','Economy',NULL,'15B',11),(3687,'AVAILABLE','Economy',NULL,'15C',11),(3688,'AVAILABLE','Economy',NULL,'15D',11),(3689,'AVAILABLE','Economy',NULL,'15E',11),(3690,'AVAILABLE','Economy',NULL,'15F',11),(3691,'AVAILABLE','Economy',NULL,'16A',11),(3692,'AVAILABLE','Economy',NULL,'16B',11),(3693,'AVAILABLE','Economy',NULL,'16C',11),(3694,'AVAILABLE','Economy',NULL,'16D',11),(3695,'AVAILABLE','Economy',NULL,'16E',11),(3696,'AVAILABLE','Economy',NULL,'16F',11),(3697,'AVAILABLE','Economy',NULL,'17A',11),(3698,'AVAILABLE','Economy',NULL,'17B',11),(3699,'AVAILABLE','Economy',NULL,'17C',11),(3700,'AVAILABLE','Economy',NULL,'17D',11),(3701,'AVAILABLE','Economy',NULL,'17E',11),(3702,'AVAILABLE','Economy',NULL,'17F',11),(3703,'AVAILABLE','Economy',NULL,'18A',11),(3704,'AVAILABLE','Economy',NULL,'18B',11),(3705,'AVAILABLE','Economy',NULL,'18C',11),(3706,'AVAILABLE','Economy',NULL,'18D',11),(3707,'AVAILABLE','Economy',NULL,'18E',11),(3708,'AVAILABLE','Economy',NULL,'18F',11),(3709,'AVAILABLE','Economy',NULL,'19A',11),(3710,'AVAILABLE','Economy',NULL,'19B',11),(3711,'AVAILABLE','Economy',NULL,'19C',11),(3712,'AVAILABLE','Economy',NULL,'19D',11),(3713,'AVAILABLE','Economy',NULL,'19E',11),(3714,'AVAILABLE','Economy',NULL,'19F',11),(3715,'AVAILABLE','Economy',NULL,'20A',11),(3716,'AVAILABLE','Economy',NULL,'20B',11),(3717,'AVAILABLE','Economy',NULL,'20C',11),(3718,'AVAILABLE','Economy',NULL,'20D',11),(3719,'AVAILABLE','Economy',NULL,'20E',11),(3720,'AVAILABLE','Economy',NULL,'20F',11),(3721,'AVAILABLE','Economy',NULL,'1A',12),(3722,'AVAILABLE','Economy',NULL,'1B',12),(3723,'AVAILABLE','Economy',NULL,'1C',12),(3724,'AVAILABLE','Economy',NULL,'1D',12),(3725,'AVAILABLE','Economy',NULL,'1E',12),(3726,'AVAILABLE','Economy',NULL,'1F',12),(3727,'AVAILABLE','Economy',NULL,'2A',12),(3728,'AVAILABLE','Economy',NULL,'2B',12),(3729,'AVAILABLE','Economy',NULL,'2C',12),(3730,'AVAILABLE','Economy',NULL,'2D',12),(3731,'AVAILABLE','Economy',NULL,'2E',12),(3732,'AVAILABLE','Economy',NULL,'2F',12),(3733,'AVAILABLE','Economy',NULL,'3A',12),(3734,'AVAILABLE','Economy',NULL,'3B',12),(3735,'AVAILABLE','Economy',NULL,'3C',12),(3736,'AVAILABLE','Economy',NULL,'3D',12),(3737,'AVAILABLE','Economy',NULL,'3E',12),(3738,'AVAILABLE','Economy',NULL,'3F',12),(3739,'AVAILABLE','Economy',NULL,'4A',12),(3740,'AVAILABLE','Economy',NULL,'4B',12),(3741,'AVAILABLE','Economy',NULL,'4C',12),(3742,'AVAILABLE','Economy',NULL,'4D',12),(3743,'AVAILABLE','Economy',NULL,'4E',12),(3744,'AVAILABLE','Economy',NULL,'4F',12),(3745,'AVAILABLE','Economy',NULL,'5A',12),(3746,'AVAILABLE','Economy',NULL,'5B',12),(3747,'AVAILABLE','Economy',NULL,'5C',12),(3748,'AVAILABLE','Economy',NULL,'5D',12),(3749,'AVAILABLE','Economy',NULL,'5E',12),(3750,'AVAILABLE','Economy',NULL,'5F',12),(3751,'AVAILABLE','Economy',NULL,'6A',12),(3752,'AVAILABLE','Economy',NULL,'6B',12),(3753,'AVAILABLE','Economy',NULL,'6C',12),(3754,'AVAILABLE','Economy',NULL,'6D',12),(3755,'AVAILABLE','Economy',NULL,'6E',12),(3756,'AVAILABLE','Economy',NULL,'6F',12),(3757,'AVAILABLE','Economy',NULL,'7A',12),(3758,'AVAILABLE','Economy',NULL,'7B',12),(3759,'AVAILABLE','Economy',NULL,'7C',12),(3760,'AVAILABLE','Economy',NULL,'7D',12),(3761,'AVAILABLE','Economy',NULL,'7E',12),(3762,'AVAILABLE','Economy',NULL,'7F',12),(3763,'AVAILABLE','Economy',NULL,'8A',12),(3764,'AVAILABLE','Economy',NULL,'8B',12),(3765,'AVAILABLE','Economy',NULL,'8C',12),(3766,'AVAILABLE','Economy',NULL,'8D',12),(3767,'AVAILABLE','Economy',NULL,'8E',12),(3768,'AVAILABLE','Economy',NULL,'8F',12),(3769,'AVAILABLE','Economy',NULL,'9A',12),(3770,'AVAILABLE','Economy',NULL,'9B',12),(3771,'AVAILABLE','Economy',NULL,'9C',12),(3772,'AVAILABLE','Economy',NULL,'9D',12),(3773,'AVAILABLE','Economy',NULL,'9E',12),(3774,'AVAILABLE','Economy',NULL,'9F',12),(3775,'AVAILABLE','Economy',NULL,'10A',12),(3776,'AVAILABLE','Economy',NULL,'10B',12),(3777,'AVAILABLE','Economy',NULL,'10C',12),(3778,'AVAILABLE','Economy',NULL,'10D',12),(3779,'AVAILABLE','Economy',NULL,'10E',12),(3780,'AVAILABLE','Economy',NULL,'10F',12),(3781,'AVAILABLE','Economy',NULL,'11A',12),(3782,'AVAILABLE','Economy',NULL,'11B',12),(3783,'AVAILABLE','Economy',NULL,'11C',12),(3784,'AVAILABLE','Economy',NULL,'11D',12),(3785,'AVAILABLE','Economy',NULL,'11E',12),(3786,'AVAILABLE','Economy',NULL,'11F',12),(3787,'AVAILABLE','Economy',NULL,'12A',12),(3788,'AVAILABLE','Economy',NULL,'12B',12),(3789,'AVAILABLE','Economy',NULL,'12C',12),(3790,'AVAILABLE','Economy',NULL,'12D',12),(3791,'AVAILABLE','Economy',NULL,'12E',12),(3792,'AVAILABLE','Economy',NULL,'12F',12),(3793,'AVAILABLE','Economy',NULL,'13A',12),(3794,'AVAILABLE','Economy',NULL,'13B',12),(3795,'AVAILABLE','Economy',NULL,'13C',12),(3796,'AVAILABLE','Economy',NULL,'13D',12),(3797,'AVAILABLE','Economy',NULL,'13E',12),(3798,'AVAILABLE','Economy',NULL,'13F',12),(3799,'AVAILABLE','Economy',NULL,'14A',12),(3800,'AVAILABLE','Economy',NULL,'14B',12),(3801,'AVAILABLE','Economy',NULL,'14C',12),(3802,'AVAILABLE','Economy',NULL,'14D',12),(3803,'AVAILABLE','Economy',NULL,'14E',12),(3804,'AVAILABLE','Economy',NULL,'14F',12),(3805,'AVAILABLE','Economy',NULL,'15A',12),(3806,'AVAILABLE','Economy',NULL,'15B',12),(3807,'AVAILABLE','Economy',NULL,'15C',12),(3808,'AVAILABLE','Economy',NULL,'15D',12),(3809,'AVAILABLE','Economy',NULL,'15E',12),(3810,'AVAILABLE','Economy',NULL,'15F',12),(3811,'AVAILABLE','Economy',NULL,'16A',12),(3812,'AVAILABLE','Economy',NULL,'16B',12),(3813,'AVAILABLE','Economy',NULL,'16C',12),(3814,'AVAILABLE','Economy',NULL,'16D',12),(3815,'AVAILABLE','Economy',NULL,'16E',12),(3816,'AVAILABLE','Economy',NULL,'16F',12),(3817,'AVAILABLE','Economy',NULL,'17A',12),(3818,'AVAILABLE','Economy',NULL,'17B',12),(3819,'AVAILABLE','Economy',NULL,'17C',12),(3820,'AVAILABLE','Economy',NULL,'17D',12),(3821,'AVAILABLE','Economy',NULL,'17E',12),(3822,'AVAILABLE','Economy',NULL,'17F',12),(3823,'AVAILABLE','Economy',NULL,'18A',12),(3824,'AVAILABLE','Economy',NULL,'18B',12),(3825,'AVAILABLE','Economy',NULL,'18C',12),(3826,'AVAILABLE','Economy',NULL,'18D',12),(3827,'AVAILABLE','Economy',NULL,'18E',12),(3828,'AVAILABLE','Economy',NULL,'18F',12),(3829,'AVAILABLE','Economy',NULL,'19A',12),(3830,'AVAILABLE','Economy',NULL,'19B',12),(3831,'AVAILABLE','Economy',NULL,'19C',12),(3832,'AVAILABLE','Economy',NULL,'19D',12),(3833,'AVAILABLE','Economy',NULL,'19E',12),(3834,'AVAILABLE','Economy',NULL,'19F',12),(3835,'AVAILABLE','Economy',NULL,'20A',12),(3836,'AVAILABLE','Economy',NULL,'20B',12),(3837,'AVAILABLE','Economy',NULL,'20C',12),(3838,'AVAILABLE','Economy',NULL,'20D',12),(3839,'AVAILABLE','Economy',NULL,'20E',12),(3840,'AVAILABLE','Economy',NULL,'20F',12),(3841,'AVAILABLE','Economy',NULL,'1A',13),(3842,'AVAILABLE','Economy',NULL,'1B',13),(3843,'AVAILABLE','Economy',NULL,'1C',13),(3844,'AVAILABLE','Economy',NULL,'1D',13),(3845,'AVAILABLE','Economy',NULL,'1E',13),(3846,'AVAILABLE','Economy',NULL,'1F',13),(3847,'AVAILABLE','Economy',NULL,'2A',13),(3848,'AVAILABLE','Economy',NULL,'2B',13),(3849,'AVAILABLE','Economy',NULL,'2C',13),(3850,'AVAILABLE','Economy',NULL,'2D',13),(3851,'AVAILABLE','Economy',NULL,'2E',13),(3852,'AVAILABLE','Economy',NULL,'2F',13),(3853,'AVAILABLE','Economy',NULL,'3A',13),(3854,'AVAILABLE','Economy',NULL,'3B',13),(3855,'AVAILABLE','Economy',NULL,'3C',13),(3856,'AVAILABLE','Economy',NULL,'3D',13),(3857,'AVAILABLE','Economy',NULL,'3E',13),(3858,'AVAILABLE','Economy',NULL,'3F',13),(3859,'AVAILABLE','Economy',NULL,'4A',13),(3860,'AVAILABLE','Economy',NULL,'4B',13),(3861,'AVAILABLE','Economy',NULL,'4C',13),(3862,'AVAILABLE','Economy',NULL,'4D',13),(3863,'AVAILABLE','Economy',NULL,'4E',13),(3864,'AVAILABLE','Economy',NULL,'4F',13),(3865,'AVAILABLE','Economy',NULL,'5A',13),(3866,'AVAILABLE','Economy',NULL,'5B',13),(3867,'AVAILABLE','Economy',NULL,'5C',13),(3868,'AVAILABLE','Economy',NULL,'5D',13),(3869,'AVAILABLE','Economy',NULL,'5E',13),(3870,'AVAILABLE','Economy',NULL,'5F',13),(3871,'AVAILABLE','Economy',NULL,'6A',13),(3872,'AVAILABLE','Economy',NULL,'6B',13),(3873,'AVAILABLE','Economy',NULL,'6C',13),(3874,'AVAILABLE','Economy',NULL,'6D',13),(3875,'AVAILABLE','Economy',NULL,'6E',13),(3876,'AVAILABLE','Economy',NULL,'6F',13),(3877,'AVAILABLE','Economy',NULL,'7A',13),(3878,'AVAILABLE','Economy',NULL,'7B',13),(3879,'AVAILABLE','Economy',NULL,'7C',13),(3880,'AVAILABLE','Economy',NULL,'7D',13),(3881,'AVAILABLE','Economy',NULL,'7E',13),(3882,'AVAILABLE','Economy',NULL,'7F',13),(3883,'AVAILABLE','Economy',NULL,'8A',13),(3884,'AVAILABLE','Economy',NULL,'8B',13),(3885,'AVAILABLE','Economy',NULL,'8C',13),(3886,'AVAILABLE','Economy',NULL,'8D',13),(3887,'AVAILABLE','Economy',NULL,'8E',13),(3888,'AVAILABLE','Economy',NULL,'8F',13),(3889,'AVAILABLE','Economy',NULL,'9A',13),(3890,'AVAILABLE','Economy',NULL,'9B',13),(3891,'AVAILABLE','Economy',NULL,'9C',13),(3892,'AVAILABLE','Economy',NULL,'9D',13),(3893,'AVAILABLE','Economy',NULL,'9E',13),(3894,'AVAILABLE','Economy',NULL,'9F',13),(3895,'AVAILABLE','Economy',NULL,'10A',13),(3896,'AVAILABLE','Economy',NULL,'10B',13),(3897,'AVAILABLE','Economy',NULL,'10C',13),(3898,'AVAILABLE','Economy',NULL,'10D',13),(3899,'AVAILABLE','Economy',NULL,'10E',13),(3900,'AVAILABLE','Economy',NULL,'10F',13),(3901,'AVAILABLE','Economy',NULL,'11A',13),(3902,'AVAILABLE','Economy',NULL,'11B',13),(3903,'AVAILABLE','Economy',NULL,'11C',13),(3904,'AVAILABLE','Economy',NULL,'11D',13),(3905,'AVAILABLE','Economy',NULL,'11E',13),(3906,'AVAILABLE','Economy',NULL,'11F',13),(3907,'AVAILABLE','Economy',NULL,'12A',13),(3908,'AVAILABLE','Economy',NULL,'12B',13),(3909,'AVAILABLE','Economy',NULL,'12C',13),(3910,'AVAILABLE','Economy',NULL,'12D',13),(3911,'AVAILABLE','Economy',NULL,'12E',13),(3912,'AVAILABLE','Economy',NULL,'12F',13),(3913,'AVAILABLE','Economy',NULL,'13A',13),(3914,'AVAILABLE','Economy',NULL,'13B',13),(3915,'AVAILABLE','Economy',NULL,'13C',13),(3916,'AVAILABLE','Economy',NULL,'13D',13),(3917,'AVAILABLE','Economy',NULL,'13E',13),(3918,'AVAILABLE','Economy',NULL,'13F',13),(3919,'AVAILABLE','Economy',NULL,'14A',13),(3920,'AVAILABLE','Economy',NULL,'14B',13),(3921,'AVAILABLE','Economy',NULL,'14C',13),(3922,'AVAILABLE','Economy',NULL,'14D',13),(3923,'AVAILABLE','Economy',NULL,'14E',13),(3924,'AVAILABLE','Economy',NULL,'14F',13),(3925,'AVAILABLE','Economy',NULL,'15A',13),(3926,'AVAILABLE','Economy',NULL,'15B',13),(3927,'AVAILABLE','Economy',NULL,'15C',13),(3928,'AVAILABLE','Economy',NULL,'15D',13),(3929,'AVAILABLE','Economy',NULL,'15E',13),(3930,'AVAILABLE','Economy',NULL,'15F',13),(3931,'AVAILABLE','Economy',NULL,'16A',13),(3932,'AVAILABLE','Economy',NULL,'16B',13),(3933,'AVAILABLE','Economy',NULL,'16C',13),(3934,'AVAILABLE','Economy',NULL,'16D',13),(3935,'AVAILABLE','Economy',NULL,'16E',13),(3936,'AVAILABLE','Economy',NULL,'16F',13),(3937,'AVAILABLE','Economy',NULL,'17A',13),(3938,'AVAILABLE','Economy',NULL,'17B',13),(3939,'AVAILABLE','Economy',NULL,'17C',13),(3940,'AVAILABLE','Economy',NULL,'17D',13),(3941,'AVAILABLE','Economy',NULL,'17E',13),(3942,'AVAILABLE','Economy',NULL,'17F',13),(3943,'AVAILABLE','Economy',NULL,'18A',13),(3944,'AVAILABLE','Economy',NULL,'18B',13),(3945,'AVAILABLE','Economy',NULL,'18C',13),(3946,'AVAILABLE','Economy',NULL,'18D',13),(3947,'AVAILABLE','Economy',NULL,'18E',13),(3948,'AVAILABLE','Economy',NULL,'18F',13),(3949,'AVAILABLE','Economy',NULL,'19A',13),(3950,'AVAILABLE','Economy',NULL,'19B',13),(3951,'AVAILABLE','Economy',NULL,'19C',13),(3952,'AVAILABLE','Economy',NULL,'19D',13),(3953,'AVAILABLE','Economy',NULL,'19E',13),(3954,'AVAILABLE','Economy',NULL,'19F',13),(3955,'AVAILABLE','Economy',NULL,'20A',13),(3956,'AVAILABLE','Economy',NULL,'20B',13),(3957,'AVAILABLE','Economy',NULL,'20C',13),(3958,'AVAILABLE','Economy',NULL,'20D',13),(3959,'AVAILABLE','Economy',NULL,'20E',13),(3960,'AVAILABLE','Economy',NULL,'20F',13),(3961,'AVAILABLE','Economy',NULL,'1A',14),(3962,'AVAILABLE','Economy',NULL,'1B',14),(3963,'AVAILABLE','Economy',NULL,'1C',14),(3964,'AVAILABLE','Economy',NULL,'1D',14),(3965,'unavailable','Economy',NULL,'1E',14),(3966,'AVAILABLE','Economy',NULL,'1F',14),(3967,'AVAILABLE','Economy',NULL,'2A',14),(3968,'AVAILABLE','Economy',NULL,'2B',14),(3969,'AVAILABLE','Economy',NULL,'2C',14),(3970,'AVAILABLE','Economy',NULL,'2D',14),(3971,'AVAILABLE','Economy',NULL,'2E',14),(3972,'AVAILABLE','Economy',NULL,'2F',14),(3973,'AVAILABLE','Economy',NULL,'3A',14),(3974,'AVAILABLE','Economy',NULL,'3B',14),(3975,'AVAILABLE','Economy',NULL,'3C',14),(3976,'AVAILABLE','Economy',NULL,'3D',14),(3977,'AVAILABLE','Economy',NULL,'3E',14),(3978,'AVAILABLE','Economy',NULL,'3F',14),(3979,'AVAILABLE','Economy',NULL,'4A',14),(3980,'AVAILABLE','Economy',NULL,'4B',14),(3981,'AVAILABLE','Economy',NULL,'4C',14),(3982,'AVAILABLE','Economy',NULL,'4D',14),(3983,'AVAILABLE','Economy',NULL,'4E',14),(3984,'AVAILABLE','Economy',NULL,'4F',14),(3985,'AVAILABLE','Economy',NULL,'5A',14),(3986,'AVAILABLE','Economy',NULL,'5B',14),(3987,'AVAILABLE','Economy',NULL,'5C',14),(3988,'AVAILABLE','Economy',NULL,'5D',14),(3989,'AVAILABLE','Economy',NULL,'5E',14),(3990,'AVAILABLE','Economy',NULL,'5F',14),(3991,'AVAILABLE','Economy',NULL,'6A',14),(3992,'AVAILABLE','Economy',NULL,'6B',14),(3993,'AVAILABLE','Economy',NULL,'6C',14),(3994,'AVAILABLE','Economy',NULL,'6D',14),(3995,'AVAILABLE','Economy',NULL,'6E',14),(3996,'AVAILABLE','Economy',NULL,'6F',14),(3997,'AVAILABLE','Economy',NULL,'7A',14),(3998,'AVAILABLE','Economy',NULL,'7B',14),(3999,'AVAILABLE','Economy',NULL,'7C',14),(4000,'AVAILABLE','Economy',NULL,'7D',14),(4001,'AVAILABLE','Economy',NULL,'7E',14),(4002,'AVAILABLE','Economy',NULL,'7F',14),(4003,'AVAILABLE','Economy',NULL,'8A',14),(4004,'AVAILABLE','Economy',NULL,'8B',14),(4005,'AVAILABLE','Economy',NULL,'8C',14),(4006,'AVAILABLE','Economy',NULL,'8D',14),(4007,'AVAILABLE','Economy',NULL,'8E',14),(4008,'AVAILABLE','Economy',NULL,'8F',14),(4009,'AVAILABLE','Economy',NULL,'9A',14),(4010,'AVAILABLE','Economy',NULL,'9B',14),(4011,'AVAILABLE','Economy',NULL,'9C',14),(4012,'AVAILABLE','Economy',NULL,'9D',14),(4013,'AVAILABLE','Economy',NULL,'9E',14),(4014,'AVAILABLE','Economy',NULL,'9F',14),(4015,'AVAILABLE','Economy',NULL,'10A',14),(4016,'AVAILABLE','Economy',NULL,'10B',14),(4017,'AVAILABLE','Economy',NULL,'10C',14),(4018,'AVAILABLE','Economy',NULL,'10D',14),(4019,'AVAILABLE','Economy',NULL,'10E',14),(4020,'AVAILABLE','Economy',NULL,'10F',14),(4021,'AVAILABLE','Economy',NULL,'11A',14),(4022,'AVAILABLE','Economy',NULL,'11B',14),(4023,'AVAILABLE','Economy',NULL,'11C',14),(4024,'AVAILABLE','Economy',NULL,'11D',14),(4025,'AVAILABLE','Economy',NULL,'11E',14),(4026,'AVAILABLE','Economy',NULL,'11F',14),(4027,'AVAILABLE','Economy',NULL,'12A',14),(4028,'AVAILABLE','Economy',NULL,'12B',14),(4029,'AVAILABLE','Economy',NULL,'12C',14),(4030,'AVAILABLE','Economy',NULL,'12D',14),(4031,'AVAILABLE','Economy',NULL,'12E',14),(4032,'AVAILABLE','Economy',NULL,'12F',14),(4033,'AVAILABLE','Economy',NULL,'13A',14),(4034,'AVAILABLE','Economy',NULL,'13B',14),(4035,'AVAILABLE','Economy',NULL,'13C',14),(4036,'AVAILABLE','Economy',NULL,'13D',14),(4037,'AVAILABLE','Economy',NULL,'13E',14),(4038,'AVAILABLE','Economy',NULL,'13F',14),(4039,'AVAILABLE','Economy',NULL,'14A',14),(4040,'AVAILABLE','Economy',NULL,'14B',14),(4041,'AVAILABLE','Economy',NULL,'14C',14),(4042,'AVAILABLE','Economy',NULL,'14D',14),(4043,'AVAILABLE','Economy',NULL,'14E',14),(4044,'AVAILABLE','Economy',NULL,'14F',14),(4045,'AVAILABLE','Economy',NULL,'15A',14),(4046,'AVAILABLE','Economy',NULL,'15B',14),(4047,'AVAILABLE','Economy',NULL,'15C',14),(4048,'AVAILABLE','Economy',NULL,'15D',14),(4049,'AVAILABLE','Economy',NULL,'15E',14),(4050,'AVAILABLE','Economy',NULL,'15F',14),(4051,'AVAILABLE','Economy',NULL,'16A',14),(4052,'AVAILABLE','Economy',NULL,'16B',14),(4053,'AVAILABLE','Economy',NULL,'16C',14),(4054,'AVAILABLE','Economy',NULL,'16D',14),(4055,'AVAILABLE','Economy',NULL,'16E',14),(4056,'AVAILABLE','Economy',NULL,'16F',14),(4057,'AVAILABLE','Economy',NULL,'17A',14),(4058,'AVAILABLE','Economy',NULL,'17B',14),(4059,'AVAILABLE','Economy',NULL,'17C',14),(4060,'AVAILABLE','Economy',NULL,'17D',14),(4061,'AVAILABLE','Economy',NULL,'17E',14),(4062,'AVAILABLE','Economy',NULL,'17F',14),(4063,'AVAILABLE','Economy',NULL,'18A',14),(4064,'AVAILABLE','Economy',NULL,'18B',14),(4065,'AVAILABLE','Economy',NULL,'18C',14),(4066,'AVAILABLE','Economy',NULL,'18D',14),(4067,'AVAILABLE','Economy',NULL,'18E',14),(4068,'AVAILABLE','Economy',NULL,'18F',14),(4069,'AVAILABLE','Economy',NULL,'19A',14),(4070,'AVAILABLE','Economy',NULL,'19B',14),(4071,'AVAILABLE','Economy',NULL,'19C',14),(4072,'AVAILABLE','Economy',NULL,'19D',14),(4073,'AVAILABLE','Economy',NULL,'19E',14),(4074,'AVAILABLE','Economy',NULL,'19F',14),(4075,'AVAILABLE','Economy',NULL,'20A',14),(4076,'AVAILABLE','Economy',NULL,'20B',14),(4077,'AVAILABLE','Economy',NULL,'20C',14),(4078,'AVAILABLE','Economy',NULL,'20D',14),(4079,'AVAILABLE','Economy',NULL,'20E',14),(4080,'AVAILABLE','Economy',NULL,'20F',14),(4081,'AVAILABLE','Economy',NULL,'1A',15),(4082,'AVAILABLE','Economy',NULL,'1B',15),(4083,'AVAILABLE','Economy',NULL,'1C',15),(4084,'AVAILABLE','Economy',NULL,'1D',15),(4085,'AVAILABLE','Economy',NULL,'1E',15),(4086,'AVAILABLE','Economy',NULL,'1F',15),(4087,'AVAILABLE','Economy',NULL,'2A',15),(4088,'AVAILABLE','Economy',NULL,'2B',15),(4089,'AVAILABLE','Economy',NULL,'2C',15),(4090,'AVAILABLE','Economy',NULL,'2D',15),(4091,'AVAILABLE','Economy',NULL,'2E',15),(4092,'AVAILABLE','Economy',NULL,'2F',15),(4093,'AVAILABLE','Economy',NULL,'3A',15),(4094,'AVAILABLE','Economy',NULL,'3B',15),(4095,'AVAILABLE','Economy',NULL,'3C',15),(4096,'AVAILABLE','Economy',NULL,'3D',15),(4097,'AVAILABLE','Economy',NULL,'3E',15),(4098,'AVAILABLE','Economy',NULL,'3F',15),(4099,'AVAILABLE','Economy',NULL,'4A',15),(4100,'AVAILABLE','Economy',NULL,'4B',15),(4101,'AVAILABLE','Economy',NULL,'4C',15),(4102,'AVAILABLE','Economy',NULL,'4D',15),(4103,'AVAILABLE','Economy',NULL,'4E',15),(4104,'AVAILABLE','Economy',NULL,'4F',15),(4105,'AVAILABLE','Economy',NULL,'5A',15),(4106,'AVAILABLE','Economy',NULL,'5B',15),(4107,'AVAILABLE','Economy',NULL,'5C',15),(4108,'AVAILABLE','Economy',NULL,'5D',15),(4109,'AVAILABLE','Economy',NULL,'5E',15),(4110,'AVAILABLE','Economy',NULL,'5F',15),(4111,'AVAILABLE','Economy',NULL,'6A',15),(4112,'AVAILABLE','Economy',NULL,'6B',15),(4113,'AVAILABLE','Economy',NULL,'6C',15),(4114,'AVAILABLE','Economy',NULL,'6D',15),(4115,'AVAILABLE','Economy',NULL,'6E',15),(4116,'AVAILABLE','Economy',NULL,'6F',15),(4117,'AVAILABLE','Economy',NULL,'7A',15),(4118,'AVAILABLE','Economy',NULL,'7B',15),(4119,'AVAILABLE','Economy',NULL,'7C',15),(4120,'AVAILABLE','Economy',NULL,'7D',15),(4121,'AVAILABLE','Economy',NULL,'7E',15),(4122,'AVAILABLE','Economy',NULL,'7F',15),(4123,'AVAILABLE','Economy',NULL,'8A',15),(4124,'AVAILABLE','Economy',NULL,'8B',15),(4125,'AVAILABLE','Economy',NULL,'8C',15),(4126,'AVAILABLE','Economy',NULL,'8D',15),(4127,'AVAILABLE','Economy',NULL,'8E',15),(4128,'AVAILABLE','Economy',NULL,'8F',15),(4129,'AVAILABLE','Economy',NULL,'9A',15),(4130,'AVAILABLE','Economy',NULL,'9B',15),(4131,'AVAILABLE','Economy',NULL,'9C',15),(4132,'AVAILABLE','Economy',NULL,'9D',15),(4133,'AVAILABLE','Economy',NULL,'9E',15),(4134,'AVAILABLE','Economy',NULL,'9F',15),(4135,'AVAILABLE','Economy',NULL,'10A',15),(4136,'AVAILABLE','Economy',NULL,'10B',15),(4137,'AVAILABLE','Economy',NULL,'10C',15),(4138,'AVAILABLE','Economy',NULL,'10D',15),(4139,'AVAILABLE','Economy',NULL,'10E',15),(4140,'AVAILABLE','Economy',NULL,'10F',15),(4141,'AVAILABLE','Economy',NULL,'11A',15),(4142,'AVAILABLE','Economy',NULL,'11B',15),(4143,'AVAILABLE','Economy',NULL,'11C',15),(4144,'AVAILABLE','Economy',NULL,'11D',15),(4145,'AVAILABLE','Economy',NULL,'11E',15),(4146,'AVAILABLE','Economy',NULL,'11F',15),(4147,'AVAILABLE','Economy',NULL,'12A',15),(4148,'AVAILABLE','Economy',NULL,'12B',15),(4149,'AVAILABLE','Economy',NULL,'12C',15),(4150,'AVAILABLE','Economy',NULL,'12D',15),(4151,'AVAILABLE','Economy',NULL,'12E',15),(4152,'AVAILABLE','Economy',NULL,'12F',15),(4153,'AVAILABLE','Economy',NULL,'13A',15),(4154,'AVAILABLE','Economy',NULL,'13B',15),(4155,'AVAILABLE','Economy',NULL,'13C',15),(4156,'AVAILABLE','Economy',NULL,'13D',15),(4157,'AVAILABLE','Economy',NULL,'13E',15),(4158,'AVAILABLE','Economy',NULL,'13F',15),(4159,'AVAILABLE','Economy',NULL,'14A',15),(4160,'AVAILABLE','Economy',NULL,'14B',15),(4161,'AVAILABLE','Economy',NULL,'14C',15),(4162,'AVAILABLE','Economy',NULL,'14D',15),(4163,'AVAILABLE','Economy',NULL,'14E',15),(4164,'AVAILABLE','Economy',NULL,'14F',15),(4165,'AVAILABLE','Economy',NULL,'15A',15),(4166,'AVAILABLE','Economy',NULL,'15B',15),(4167,'AVAILABLE','Economy',NULL,'15C',15),(4168,'AVAILABLE','Economy',NULL,'15D',15),(4169,'AVAILABLE','Economy',NULL,'15E',15),(4170,'AVAILABLE','Economy',NULL,'15F',15),(4171,'AVAILABLE','Economy',NULL,'16A',15),(4172,'AVAILABLE','Economy',NULL,'16B',15),(4173,'AVAILABLE','Economy',NULL,'16C',15),(4174,'AVAILABLE','Economy',NULL,'16D',15),(4175,'AVAILABLE','Economy',NULL,'16E',15),(4176,'AVAILABLE','Economy',NULL,'16F',15),(4177,'AVAILABLE','Economy',NULL,'17A',15),(4178,'AVAILABLE','Economy',NULL,'17B',15),(4179,'AVAILABLE','Economy',NULL,'17C',15),(4180,'AVAILABLE','Economy',NULL,'17D',15),(4181,'AVAILABLE','Economy',NULL,'17E',15),(4182,'AVAILABLE','Economy',NULL,'17F',15),(4183,'AVAILABLE','Economy',NULL,'18A',15),(4184,'AVAILABLE','Economy',NULL,'18B',15),(4185,'AVAILABLE','Economy',NULL,'18C',15),(4186,'AVAILABLE','Economy',NULL,'18D',15),(4187,'AVAILABLE','Economy',NULL,'18E',15),(4188,'AVAILABLE','Economy',NULL,'18F',15),(4189,'AVAILABLE','Economy',NULL,'19A',15),(4190,'AVAILABLE','Economy',NULL,'19B',15),(4191,'AVAILABLE','Economy',NULL,'19C',15),(4192,'AVAILABLE','Economy',NULL,'19D',15),(4193,'AVAILABLE','Economy',NULL,'19E',15),(4194,'AVAILABLE','Economy',NULL,'19F',15),(4195,'AVAILABLE','Economy',NULL,'20A',15),(4196,'AVAILABLE','Economy',NULL,'20B',15),(4197,'AVAILABLE','Economy',NULL,'20C',15),(4198,'AVAILABLE','Economy',NULL,'20D',15),(4199,'AVAILABLE','Economy',NULL,'20E',15),(4200,'AVAILABLE','Economy',NULL,'20F',15),(4321,'AVAILABLE','Economy',NULL,'1A',22),(4322,'AVAILABLE','Economy',NULL,'1B',22),(4323,'AVAILABLE','Economy',NULL,'1C',22),(4324,'AVAILABLE','Economy',NULL,'1D',22),(4325,'AVAILABLE','Economy',NULL,'1E',22),(4326,'AVAILABLE','Economy',NULL,'1F',22),(4327,'AVAILABLE','Economy',NULL,'2A',22),(4328,'AVAILABLE','Economy',NULL,'2B',22),(4329,'AVAILABLE','Economy',NULL,'2C',22),(4330,'AVAILABLE','Economy',NULL,'2D',22),(4331,'AVAILABLE','Economy',NULL,'2E',22),(4332,'AVAILABLE','Economy',NULL,'2F',22),(4333,'AVAILABLE','Economy',NULL,'3A',22),(4334,'AVAILABLE','Economy',NULL,'3B',22),(4335,'AVAILABLE','Economy',NULL,'3C',22),(4336,'AVAILABLE','Economy',NULL,'3D',22),(4337,'AVAILABLE','Economy',NULL,'3E',22),(4338,'AVAILABLE','Economy',NULL,'3F',22),(4339,'AVAILABLE','Economy',NULL,'4A',22),(4340,'AVAILABLE','Economy',NULL,'4B',22),(4341,'AVAILABLE','Economy',NULL,'4C',22),(4342,'AVAILABLE','Economy',NULL,'4D',22),(4343,'AVAILABLE','Economy',NULL,'4E',22),(4344,'AVAILABLE','Economy',NULL,'4F',22),(4345,'AVAILABLE','Economy',NULL,'5A',22),(4346,'AVAILABLE','Economy',NULL,'5B',22),(4347,'AVAILABLE','Economy',NULL,'5C',22),(4348,'AVAILABLE','Economy',NULL,'5D',22),(4349,'AVAILABLE','Economy',NULL,'5E',22),(4350,'AVAILABLE','Economy',NULL,'5F',22),(4351,'AVAILABLE','Economy',NULL,'6A',22),(4352,'AVAILABLE','Economy',NULL,'6B',22),(4353,'AVAILABLE','Economy',NULL,'6C',22),(4354,'AVAILABLE','Economy',NULL,'6D',22),(4355,'AVAILABLE','Economy',NULL,'6E',22),(4356,'AVAILABLE','Economy',NULL,'6F',22),(4357,'AVAILABLE','Economy',NULL,'7A',22),(4358,'AVAILABLE','Economy',NULL,'7B',22),(4359,'AVAILABLE','Economy',NULL,'7C',22),(4360,'AVAILABLE','Economy',NULL,'7D',22),(4361,'AVAILABLE','Economy',NULL,'7E',22),(4362,'AVAILABLE','Economy',NULL,'7F',22),(4363,'AVAILABLE','Economy',NULL,'8A',22),(4364,'AVAILABLE','Economy',NULL,'8B',22),(4365,'AVAILABLE','Economy',NULL,'8C',22),(4366,'AVAILABLE','Economy',NULL,'8D',22),(4367,'AVAILABLE','Economy',NULL,'8E',22),(4368,'AVAILABLE','Economy',NULL,'8F',22),(4369,'AVAILABLE','Economy',NULL,'9A',22),(4370,'AVAILABLE','Economy',NULL,'9B',22),(4371,'AVAILABLE','Economy',NULL,'9C',22),(4372,'AVAILABLE','Economy',NULL,'9D',22),(4373,'AVAILABLE','Economy',NULL,'9E',22),(4374,'AVAILABLE','Economy',NULL,'9F',22),(4375,'AVAILABLE','Economy',NULL,'10A',22),(4376,'AVAILABLE','Economy',NULL,'10B',22),(4377,'AVAILABLE','Economy',NULL,'10C',22),(4378,'AVAILABLE','Economy',NULL,'10D',22),(4379,'AVAILABLE','Economy',NULL,'10E',22),(4380,'AVAILABLE','Economy',NULL,'10F',22),(4381,'AVAILABLE','Economy',NULL,'11A',22),(4382,'AVAILABLE','Economy',NULL,'11B',22),(4383,'AVAILABLE','Economy',NULL,'11C',22),(4384,'AVAILABLE','Economy',NULL,'11D',22),(4385,'AVAILABLE','Economy',NULL,'11E',22),(4386,'AVAILABLE','Economy',NULL,'11F',22),(4387,'AVAILABLE','Economy',NULL,'12A',22),(4388,'AVAILABLE','Economy',NULL,'12B',22),(4389,'AVAILABLE','Economy',NULL,'12C',22),(4390,'AVAILABLE','Economy',NULL,'12D',22),(4391,'AVAILABLE','Economy',NULL,'12E',22),(4392,'AVAILABLE','Economy',NULL,'12F',22),(4393,'AVAILABLE','Economy',NULL,'13A',22),(4394,'AVAILABLE','Economy',NULL,'13B',22),(4395,'AVAILABLE','Economy',NULL,'13C',22),(4396,'AVAILABLE','Economy',NULL,'13D',22),(4397,'AVAILABLE','Economy',NULL,'13E',22),(4398,'AVAILABLE','Economy',NULL,'13F',22),(4399,'AVAILABLE','Economy',NULL,'14A',22),(4400,'AVAILABLE','Economy',NULL,'14B',22),(4401,'AVAILABLE','Economy',NULL,'14C',22),(4402,'AVAILABLE','Economy',NULL,'14D',22),(4403,'AVAILABLE','Economy',NULL,'14E',22),(4404,'AVAILABLE','Economy',NULL,'14F',22),(4405,'AVAILABLE','Economy',NULL,'15A',22),(4406,'AVAILABLE','Economy',NULL,'15B',22),(4407,'AVAILABLE','Economy',NULL,'15C',22),(4408,'AVAILABLE','Economy',NULL,'15D',22),(4409,'AVAILABLE','Economy',NULL,'15E',22),(4410,'AVAILABLE','Economy',NULL,'15F',22),(4411,'AVAILABLE','Economy',NULL,'16A',22),(4412,'AVAILABLE','Economy',NULL,'16B',22),(4413,'AVAILABLE','Economy',NULL,'16C',22),(4414,'AVAILABLE','Economy',NULL,'16D',22),(4415,'AVAILABLE','Economy',NULL,'16E',22),(4416,'AVAILABLE','Economy',NULL,'16F',22),(4417,'AVAILABLE','Economy',NULL,'17A',22),(4418,'AVAILABLE','Economy',NULL,'17B',22),(4419,'AVAILABLE','Economy',NULL,'17C',22),(4420,'AVAILABLE','Economy',NULL,'17D',22),(4421,'AVAILABLE','Economy',NULL,'17E',22),(4422,'AVAILABLE','Economy',NULL,'17F',22),(4423,'AVAILABLE','Economy',NULL,'18A',22),(4424,'AVAILABLE','Economy',NULL,'18B',22),(4425,'AVAILABLE','Economy',NULL,'18C',22),(4426,'AVAILABLE','Economy',NULL,'18D',22),(4427,'AVAILABLE','Economy',NULL,'18E',22),(4428,'AVAILABLE','Economy',NULL,'18F',22),(4429,'AVAILABLE','Economy',NULL,'19A',22),(4430,'AVAILABLE','Economy',NULL,'19B',22),(4431,'AVAILABLE','Economy',NULL,'19C',22),(4432,'AVAILABLE','Economy',NULL,'19D',22),(4433,'AVAILABLE','Economy',NULL,'19E',22),(4434,'AVAILABLE','Economy',NULL,'19F',22),(4435,'AVAILABLE','Economy',NULL,'20A',22),(4436,'AVAILABLE','Economy',NULL,'20B',22),(4437,'AVAILABLE','Economy',NULL,'20C',22),(4438,'AVAILABLE','Economy',NULL,'20D',22),(4439,'AVAILABLE','Economy',NULL,'20E',22),(4440,'AVAILABLE','Economy',NULL,'20F',22),(4441,'AVAILABLE','Economy',NULL,'1A',23),(4442,'AVAILABLE','Economy',NULL,'1B',23),(4443,'AVAILABLE','Economy',NULL,'1C',23),(4444,'AVAILABLE','Economy',NULL,'1D',23),(4445,'AVAILABLE','Economy',NULL,'1E',23),(4446,'AVAILABLE','Economy',NULL,'1F',23),(4447,'AVAILABLE','Economy',NULL,'2A',23),(4448,'AVAILABLE','Economy',NULL,'2B',23),(4449,'AVAILABLE','Economy',NULL,'2C',23),(4450,'AVAILABLE','Economy',NULL,'2D',23),(4451,'AVAILABLE','Economy',NULL,'2E',23),(4452,'AVAILABLE','Economy',NULL,'2F',23),(4453,'AVAILABLE','Economy',NULL,'3A',23),(4454,'AVAILABLE','Economy',NULL,'3B',23),(4455,'AVAILABLE','Economy',NULL,'3C',23),(4456,'AVAILABLE','Economy',NULL,'3D',23),(4457,'AVAILABLE','Economy',NULL,'3E',23),(4458,'AVAILABLE','Economy',NULL,'3F',23),(4459,'AVAILABLE','Economy',NULL,'4A',23),(4460,'AVAILABLE','Economy',NULL,'4B',23),(4461,'AVAILABLE','Economy',NULL,'4C',23),(4462,'AVAILABLE','Economy',NULL,'4D',23),(4463,'AVAILABLE','Economy',NULL,'4E',23),(4464,'AVAILABLE','Economy',NULL,'4F',23),(4465,'AVAILABLE','Economy',NULL,'5A',23),(4466,'AVAILABLE','Economy',NULL,'5B',23),(4467,'AVAILABLE','Economy',NULL,'5C',23),(4468,'AVAILABLE','Economy',NULL,'5D',23),(4469,'AVAILABLE','Economy',NULL,'5E',23),(4470,'AVAILABLE','Economy',NULL,'5F',23),(4471,'AVAILABLE','Economy',NULL,'6A',23),(4472,'AVAILABLE','Economy',NULL,'6B',23),(4473,'AVAILABLE','Economy',NULL,'6C',23),(4474,'AVAILABLE','Economy',NULL,'6D',23),(4475,'AVAILABLE','Economy',NULL,'6E',23),(4476,'AVAILABLE','Economy',NULL,'6F',23),(4477,'AVAILABLE','Economy',NULL,'7A',23),(4478,'AVAILABLE','Economy',NULL,'7B',23),(4479,'AVAILABLE','Economy',NULL,'7C',23),(4480,'AVAILABLE','Economy',NULL,'7D',23),(4481,'AVAILABLE','Economy',NULL,'7E',23),(4482,'AVAILABLE','Economy',NULL,'7F',23),(4483,'AVAILABLE','Economy',NULL,'8A',23),(4484,'AVAILABLE','Economy',NULL,'8B',23),(4485,'AVAILABLE','Economy',NULL,'8C',23),(4486,'AVAILABLE','Economy',NULL,'8D',23),(4487,'AVAILABLE','Economy',NULL,'8E',23),(4488,'AVAILABLE','Economy',NULL,'8F',23),(4489,'AVAILABLE','Economy',NULL,'9A',23),(4490,'AVAILABLE','Economy',NULL,'9B',23),(4491,'AVAILABLE','Economy',NULL,'9C',23),(4492,'AVAILABLE','Economy',NULL,'9D',23),(4493,'AVAILABLE','Economy',NULL,'9E',23),(4494,'AVAILABLE','Economy',NULL,'9F',23),(4495,'AVAILABLE','Economy',NULL,'10A',23),(4496,'AVAILABLE','Economy',NULL,'10B',23),(4497,'AVAILABLE','Economy',NULL,'10C',23),(4498,'AVAILABLE','Economy',NULL,'10D',23),(4499,'AVAILABLE','Economy',NULL,'10E',23),(4500,'AVAILABLE','Economy',NULL,'10F',23),(4501,'AVAILABLE','Economy',NULL,'11A',23),(4502,'AVAILABLE','Economy',NULL,'11B',23),(4503,'AVAILABLE','Economy',NULL,'11C',23),(4504,'AVAILABLE','Economy',NULL,'11D',23),(4505,'AVAILABLE','Economy',NULL,'11E',23),(4506,'AVAILABLE','Economy',NULL,'11F',23),(4507,'AVAILABLE','Economy',NULL,'12A',23),(4508,'AVAILABLE','Economy',NULL,'12B',23),(4509,'AVAILABLE','Economy',NULL,'12C',23),(4510,'AVAILABLE','Economy',NULL,'12D',23),(4511,'AVAILABLE','Economy',NULL,'12E',23),(4512,'AVAILABLE','Economy',NULL,'12F',23),(4513,'AVAILABLE','Economy',NULL,'13A',23),(4514,'AVAILABLE','Economy',NULL,'13B',23),(4515,'AVAILABLE','Economy',NULL,'13C',23),(4516,'AVAILABLE','Economy',NULL,'13D',23),(4517,'AVAILABLE','Economy',NULL,'13E',23),(4518,'AVAILABLE','Economy',NULL,'13F',23),(4519,'AVAILABLE','Economy',NULL,'14A',23),(4520,'AVAILABLE','Economy',NULL,'14B',23),(4521,'AVAILABLE','Economy',NULL,'14C',23),(4522,'AVAILABLE','Economy',NULL,'14D',23),(4523,'AVAILABLE','Economy',NULL,'14E',23),(4524,'AVAILABLE','Economy',NULL,'14F',23),(4525,'AVAILABLE','Economy',NULL,'15A',23),(4526,'AVAILABLE','Economy',NULL,'15B',23),(4527,'AVAILABLE','Economy',NULL,'15C',23),(4528,'AVAILABLE','Economy',NULL,'15D',23),(4529,'AVAILABLE','Economy',NULL,'15E',23),(4530,'AVAILABLE','Economy',NULL,'15F',23),(4531,'AVAILABLE','Economy',NULL,'16A',23),(4532,'AVAILABLE','Economy',NULL,'16B',23),(4533,'AVAILABLE','Economy',NULL,'16C',23),(4534,'AVAILABLE','Economy',NULL,'16D',23),(4535,'AVAILABLE','Economy',NULL,'16E',23),(4536,'AVAILABLE','Economy',NULL,'16F',23),(4537,'AVAILABLE','Economy',NULL,'17A',23),(4538,'AVAILABLE','Economy',NULL,'17B',23),(4539,'AVAILABLE','Economy',NULL,'17C',23),(4540,'AVAILABLE','Economy',NULL,'17D',23),(4541,'AVAILABLE','Economy',NULL,'17E',23),(4542,'AVAILABLE','Economy',NULL,'17F',23),(4543,'AVAILABLE','Economy',NULL,'18A',23),(4544,'AVAILABLE','Economy',NULL,'18B',23),(4545,'AVAILABLE','Economy',NULL,'18C',23),(4546,'AVAILABLE','Economy',NULL,'18D',23),(4547,'AVAILABLE','Economy',NULL,'18E',23),(4548,'AVAILABLE','Economy',NULL,'18F',23),(4549,'AVAILABLE','Economy',NULL,'19A',23),(4550,'AVAILABLE','Economy',NULL,'19B',23),(4551,'AVAILABLE','Economy',NULL,'19C',23),(4552,'AVAILABLE','Economy',NULL,'19D',23),(4553,'AVAILABLE','Economy',NULL,'19E',23),(4554,'AVAILABLE','Economy',NULL,'19F',23),(4555,'AVAILABLE','Economy',NULL,'20A',23),(4556,'AVAILABLE','Economy',NULL,'20B',23),(4557,'AVAILABLE','Economy',NULL,'20C',23),(4558,'AVAILABLE','Economy',NULL,'20D',23),(4559,'AVAILABLE','Economy',NULL,'20E',23),(4560,'AVAILABLE','Economy',NULL,'20F',23),(4561,'AVAILABLE','Economy',NULL,'1A',24),(4562,'AVAILABLE','Economy',NULL,'1B',24),(4563,'AVAILABLE','Economy',NULL,'1C',24),(4564,'AVAILABLE','Economy',NULL,'1D',24),(4565,'AVAILABLE','Economy',NULL,'1E',24),(4566,'AVAILABLE','Economy',NULL,'1F',24),(4567,'AVAILABLE','Economy',NULL,'2A',24),(4568,'AVAILABLE','Economy',NULL,'2B',24),(4569,'AVAILABLE','Economy',NULL,'2C',24),(4570,'AVAILABLE','Economy',NULL,'2D',24),(4571,'AVAILABLE','Economy',NULL,'2E',24),(4572,'AVAILABLE','Economy',NULL,'2F',24),(4573,'AVAILABLE','Economy',NULL,'3A',24),(4574,'AVAILABLE','Economy',NULL,'3B',24),(4575,'AVAILABLE','Economy',NULL,'3C',24),(4576,'AVAILABLE','Economy',NULL,'3D',24),(4577,'AVAILABLE','Economy',NULL,'3E',24),(4578,'AVAILABLE','Economy',NULL,'3F',24),(4579,'AVAILABLE','Economy',NULL,'4A',24),(4580,'AVAILABLE','Economy',NULL,'4B',24),(4581,'AVAILABLE','Economy',NULL,'4C',24),(4582,'AVAILABLE','Economy',NULL,'4D',24),(4583,'AVAILABLE','Economy',NULL,'4E',24),(4584,'AVAILABLE','Economy',NULL,'4F',24),(4585,'AVAILABLE','Economy',NULL,'5A',24),(4586,'AVAILABLE','Economy',NULL,'5B',24),(4587,'AVAILABLE','Economy',NULL,'5C',24),(4588,'AVAILABLE','Economy',NULL,'5D',24),(4589,'AVAILABLE','Economy',NULL,'5E',24),(4590,'AVAILABLE','Economy',NULL,'5F',24),(4591,'AVAILABLE','Economy',NULL,'6A',24),(4592,'AVAILABLE','Economy',NULL,'6B',24),(4593,'AVAILABLE','Economy',NULL,'6C',24),(4594,'AVAILABLE','Economy',NULL,'6D',24),(4595,'AVAILABLE','Economy',NULL,'6E',24),(4596,'AVAILABLE','Economy',NULL,'6F',24),(4597,'AVAILABLE','Economy',NULL,'7A',24),(4598,'AVAILABLE','Economy',NULL,'7B',24),(4599,'AVAILABLE','Economy',NULL,'7C',24),(4600,'AVAILABLE','Economy',NULL,'7D',24),(4601,'AVAILABLE','Economy',NULL,'7E',24),(4602,'AVAILABLE','Economy',NULL,'7F',24),(4603,'AVAILABLE','Economy',NULL,'8A',24),(4604,'AVAILABLE','Economy',NULL,'8B',24),(4605,'AVAILABLE','Economy',NULL,'8C',24),(4606,'AVAILABLE','Economy',NULL,'8D',24),(4607,'AVAILABLE','Economy',NULL,'8E',24),(4608,'AVAILABLE','Economy',NULL,'8F',24),(4609,'AVAILABLE','Economy',NULL,'9A',24),(4610,'AVAILABLE','Economy',NULL,'9B',24),(4611,'AVAILABLE','Economy',NULL,'9C',24),(4612,'AVAILABLE','Economy',NULL,'9D',24),(4613,'AVAILABLE','Economy',NULL,'9E',24),(4614,'AVAILABLE','Economy',NULL,'9F',24),(4615,'AVAILABLE','Economy',NULL,'10A',24),(4616,'AVAILABLE','Economy',NULL,'10B',24),(4617,'AVAILABLE','Economy',NULL,'10C',24),(4618,'AVAILABLE','Economy',NULL,'10D',24),(4619,'AVAILABLE','Economy',NULL,'10E',24),(4620,'AVAILABLE','Economy',NULL,'10F',24),(4621,'AVAILABLE','Economy',NULL,'11A',24),(4622,'AVAILABLE','Economy',NULL,'11B',24),(4623,'AVAILABLE','Economy',NULL,'11C',24),(4624,'AVAILABLE','Economy',NULL,'11D',24),(4625,'AVAILABLE','Economy',NULL,'11E',24),(4626,'AVAILABLE','Economy',NULL,'11F',24),(4627,'AVAILABLE','Economy',NULL,'12A',24),(4628,'AVAILABLE','Economy',NULL,'12B',24),(4629,'AVAILABLE','Economy',NULL,'12C',24),(4630,'AVAILABLE','Economy',NULL,'12D',24),(4631,'AVAILABLE','Economy',NULL,'12E',24),(4632,'AVAILABLE','Economy',NULL,'12F',24),(4633,'AVAILABLE','Economy',NULL,'13A',24),(4634,'AVAILABLE','Economy',NULL,'13B',24),(4635,'AVAILABLE','Economy',NULL,'13C',24),(4636,'AVAILABLE','Economy',NULL,'13D',24),(4637,'AVAILABLE','Economy',NULL,'13E',24),(4638,'AVAILABLE','Economy',NULL,'13F',24),(4639,'AVAILABLE','Economy',NULL,'14A',24),(4640,'AVAILABLE','Economy',NULL,'14B',24),(4641,'AVAILABLE','Economy',NULL,'14C',24),(4642,'AVAILABLE','Economy',NULL,'14D',24),(4643,'AVAILABLE','Economy',NULL,'14E',24),(4644,'AVAILABLE','Economy',NULL,'14F',24),(4645,'AVAILABLE','Economy',NULL,'15A',24),(4646,'AVAILABLE','Economy',NULL,'15B',24),(4647,'AVAILABLE','Economy',NULL,'15C',24),(4648,'AVAILABLE','Economy',NULL,'15D',24),(4649,'AVAILABLE','Economy',NULL,'15E',24),(4650,'AVAILABLE','Economy',NULL,'15F',24),(4651,'AVAILABLE','Economy',NULL,'16A',24),(4652,'AVAILABLE','Economy',NULL,'16B',24),(4653,'AVAILABLE','Economy',NULL,'16C',24),(4654,'AVAILABLE','Economy',NULL,'16D',24),(4655,'AVAILABLE','Economy',NULL,'16E',24),(4656,'AVAILABLE','Economy',NULL,'16F',24),(4657,'AVAILABLE','Economy',NULL,'17A',24),(4658,'AVAILABLE','Economy',NULL,'17B',24),(4659,'AVAILABLE','Economy',NULL,'17C',24),(4660,'AVAILABLE','Economy',NULL,'17D',24),(4661,'AVAILABLE','Economy',NULL,'17E',24),(4662,'AVAILABLE','Economy',NULL,'17F',24),(4663,'AVAILABLE','Economy',NULL,'18A',24),(4664,'AVAILABLE','Economy',NULL,'18B',24),(4665,'AVAILABLE','Economy',NULL,'18C',24),(4666,'AVAILABLE','Economy',NULL,'18D',24),(4667,'AVAILABLE','Economy',NULL,'18E',24),(4668,'AVAILABLE','Economy',NULL,'18F',24),(4669,'AVAILABLE','Economy',NULL,'19A',24),(4670,'AVAILABLE','Economy',NULL,'19B',24),(4671,'AVAILABLE','Economy',NULL,'19C',24),(4672,'AVAILABLE','Economy',NULL,'19D',24),(4673,'AVAILABLE','Economy',NULL,'19E',24),(4674,'AVAILABLE','Economy',NULL,'19F',24),(4675,'AVAILABLE','Economy',NULL,'20A',24),(4676,'AVAILABLE','Economy',NULL,'20B',24),(4677,'AVAILABLE','Economy',NULL,'20C',24),(4678,'AVAILABLE','Economy',NULL,'20D',24),(4679,'AVAILABLE','Economy',NULL,'20E',24),(4680,'AVAILABLE','Economy',NULL,'20F',24);
/*!40000 ALTER TABLE `seats` ENABLE KEYS */;
UNLOCK TABLES;

--
-- Table structure for table `users`
--

DROP TABLE IF EXISTS `users`;
/*!40101 SET @saved_cs_client     = @@character_set_client */;
/*!50503 SET character_set_client = utf8mb4 */;
CREATE TABLE `users` (
  `id` int NOT NULL AUTO_INCREMENT,
  `activated` bit(1) NOT NULL,
  `address` varchar(200) DEFAULT NULL,
  `avatar` varchar(200) DEFAULT NULL,
  `email` varchar(100) NOT NULL,
  `fullname` varchar(100) NOT NULL,
  `password` varchar(200) NOT NULL,
  `phone` varchar(12) DEFAULT NULL,
  `remember_token` varchar(200) DEFAULT NULL,
  `username` varchar(100) NOT NULL,
  PRIMARY KEY (`id`),
  UNIQUE KEY `APP_USER_UK` (`username`),
  UNIQUE KEY `UK6dotkott2kjsp8vw4d0m25fb7` (`email`)
) ENGINE=InnoDB AUTO_INCREMENT=13 DEFAULT CHARSET=utf8mb4 COLLATE=utf8mb4_0900_ai_ci;
/*!40101 SET character_set_client = @saved_cs_client */;

--
-- Dumping data for table `users`
--

LOCK TABLES `users` WRITE;
/*!40000 ALTER TABLE `users` DISABLE KEYS */;
INSERT INTO `users` VALUES (1,_binary '','Hồ Chí Minh','avatar1.png','hoang.admin@gmail.com','Đào Huy Hoàng','$2a$10$oztyYOzexbKMwNQi.xfE4uOVjKByoNiuAHKO9zL83LMA0czAXtP3.','0908983906','rAPHFeXDlQCjenQ6nffqe56hC9EulnyQTDKGzhuKjCIrVI4Cy0hWGEtsvJdA','hoangadmin'),(2,_binary '','Hồ Chí Minh','avatar1.jpg','quang9999xx.1@gmail.com','Lê Hồng Quang','$2a$10$oztyYOzexbKMwNQi.xfE4uOVjKByoNiuAHKO9zL83LMA0czAXtP3.','0985678910','sDh9x4HXrBCOJzgBH5qeZwcjVgN8Uv4u1WZBVQsYbp0moh7eDG260xJe07dF','quang'),(3,_binary '','Hồ Chí Minh','avatar1.jpg','tringuyen.user@gmail.com','Nguyễn Hữu Trí','$2a$10$oztyYOzexbKMwNQi.xfE4uOVjKByoNiuAHKO9zL83LMA0czAXtP3.','0981234567','2iV7Lpa1sgCafdEOkbh2wVeYKamoc7kAb0CF6kAQJSVymts7g1uHZO9iUMI7','admin'),(4,_binary '','Đà Nẵng',NULL,'quang9999xx@gmail.com','Quang Lê','$2a$10$3eC.wroG0sxsypZLvflaruTIAJeH9l/.3u.2q1N8a0ra9.iO.o7Ri','0339198933',NULL,'kyuser'),(5,_binary '','Hà Tĩnh',NULL,'quang39.02@gmail.com','quang1','$2a$10$Jahkp1EYzdiXzg54Qfg5GOdAz/6aDvA/n3bUpza9FG4PgeyJafodi','0344344364',NULL,'quangle'),(7,_binary '','Đà Nẵng',NULL,'quang@gmail.com','Lê Hồng Quang','$2a$10$iLsuHsfdhuerwg9/9tgHPeG22l1q3tMo9LInGdSd0N6HMW/iH9lKu','0988834367',NULL,'quang123'),(10,_binary '',NULL,NULL,'hoangdinhbaoky0305@gmail.com','Hoang ding bao ','$2a$10$hE.R8FnpU9dvO84NiPezVO24nHn5vWwXsVchwGISiQ8EbDlvDfehq',NULL,NULL,'trang'),(12,_binary '',NULL,NULL,'kinataru0123@gmail.com','Hoang ding bao ','$2a$10$TC9peFOdm070OJ9W6.Tc5uTdWmoj52owms8K3MQdcOgmi5RlVvit2',NULL,NULL,'ky123');
/*!40000 ALTER TABLE `users` ENABLE KEYS */;
UNLOCK TABLES;

--
-- Table structure for table `users_roles`
--

DROP TABLE IF EXISTS `users_roles`;
/*!40101 SET @saved_cs_client     = @@character_set_client */;
/*!50503 SET character_set_client = utf8mb4 */;
CREATE TABLE `users_roles` (
  `id` int NOT NULL AUTO_INCREMENT,
  `role_id` int NOT NULL,
  `user_id` int NOT NULL,
  PRIMARY KEY (`id`),
  KEY `FKj6m8fwv7oqv74fcehir1a9ffy` (`role_id`),
  KEY `FK2o0jvgh89lemvvo17cbqvdxaa` (`user_id`),
  CONSTRAINT `FK2o0jvgh89lemvvo17cbqvdxaa` FOREIGN KEY (`user_id`) REFERENCES `users` (`id`),
  CONSTRAINT `FKj6m8fwv7oqv74fcehir1a9ffy` FOREIGN KEY (`role_id`) REFERENCES `roles` (`id`)
) ENGINE=InnoDB AUTO_INCREMENT=11 DEFAULT CHARSET=utf8mb4 COLLATE=utf8mb4_0900_ai_ci;
/*!40101 SET character_set_client = @saved_cs_client */;

--
-- Dumping data for table `users_roles`
--

LOCK TABLES `users_roles` WRITE;
/*!40000 ALTER TABLE `users_roles` DISABLE KEYS */;
INSERT INTO `users_roles` VALUES (1,1,1),(2,2,1),(3,3,1),(4,3,2),(5,1,3),(6,3,4),(7,3,5),(8,3,7),(9,3,10),(10,3,12);
/*!40000 ALTER TABLE `users_roles` ENABLE KEYS */;
UNLOCK TABLES;
/*!40103 SET TIME_ZONE=@OLD_TIME_ZONE */;

/*!40101 SET SQL_MODE=@OLD_SQL_MODE */;
/*!40014 SET FOREIGN_KEY_CHECKS=@OLD_FOREIGN_KEY_CHECKS */;
/*!40014 SET UNIQUE_CHECKS=@OLD_UNIQUE_CHECKS */;
/*!40101 SET CHARACTER_SET_CLIENT=@OLD_CHARACTER_SET_CLIENT */;
/*!40101 SET CHARACTER_SET_RESULTS=@OLD_CHARACTER_SET_RESULTS */;
/*!40101 SET COLLATION_CONNECTION=@OLD_COLLATION_CONNECTION */;
/*!40111 SET SQL_NOTES=@OLD_SQL_NOTES */;

-- Dump completed on 2024-09-17 23:19:08
